-- phpMyAdmin SQL Dump
-- version 5.2.1
-- https://www.phpmyadmin.net/
--
-- Host: 127.0.0.1
-- Tempo de geração: 27/11/2025 às 04:33
-- Versão do servidor: 10.4.32-MariaDB
-- Versão do PHP: 8.0.30

SET SQL_MODE = "NO_AUTO_VALUE_ON_ZERO";
START TRANSACTION;
SET time_zone = "+00:00";


/*!40101 SET @OLD_CHARACTER_SET_CLIENT=@@CHARACTER_SET_CLIENT */;
/*!40101 SET @OLD_CHARACTER_SET_RESULTS=@@CHARACTER_SET_RESULTS */;
/*!40101 SET @OLD_COLLATION_CONNECTION=@@COLLATION_CONNECTION */;
/*!40101 SET NAMES utf8mb4 */;

--
-- Banco de dados: `systechpump`
--

-- --------------------------------------------------------

--
-- Estrutura para tabela `acessos_cidade`
--

CREATE TABLE `acessos_cidade` (
  `id` int(11) NOT NULL,
  `cidade_idCidade` int(11) NOT NULL,
  `data_acesso` timestamp NOT NULL DEFAULT current_timestamp()
) ENGINE=InnoDB DEFAULT CHARSET=utf8mb4 COLLATE=utf8mb4_general_ci;

--
-- Despejando dados para a tabela `acessos_cidade`
--

INSERT INTO `acessos_cidade` (`id`, `cidade_idCidade`, `data_acesso`) VALUES
(4, 1, '2025-11-24 01:36:46'),
(13, 1, '2025-11-24 03:01:23'),
(36, 1, '2025-11-25 04:01:00'),
(53, 1, '2025-11-26 23:50:13'),
(61, 1, '2025-11-27 03:16:23'),
(62, 1, '2025-11-27 03:17:23'),
(58, 28, '2025-11-27 03:14:53'),
(6, 30, '2025-11-24 01:37:08'),
(5, 31, '2025-11-24 01:37:06'),
(49, 31, '2025-11-25 21:03:18'),
(51, 31, '2025-11-26 23:49:49'),
(48, 33, '2025-11-25 21:01:56'),
(57, 34, '2025-11-27 03:14:43'),
(16, 35, '2025-11-24 03:18:44'),
(22, 35, '2025-11-24 22:41:03'),
(40, 35, '2025-11-25 11:47:17'),
(25, 36, '2025-11-25 01:11:47'),
(44, 36, '2025-11-25 20:15:39'),
(55, 36, '2025-11-27 02:48:17'),
(17, 38, '2025-11-24 03:21:03'),
(37, 38, '2025-11-25 04:05:49'),
(52, 38, '2025-11-26 23:50:03'),
(14, 41, '2025-11-24 03:01:31'),
(24, 41, '2025-11-25 00:44:04'),
(20, 42, '2025-11-24 17:02:18'),
(12, 43, '2025-11-24 03:00:50'),
(18, 43, '2025-11-24 17:01:43'),
(27, 43, '2025-11-25 03:32:10'),
(59, 43, '2025-11-27 03:15:00'),
(28, 44, '2025-11-25 03:32:40'),
(60, 44, '2025-11-27 03:15:13'),
(21, 45, '2025-11-24 22:18:05'),
(1, 51, '2025-11-24 01:36:07'),
(2, 51, '2025-11-24 01:36:08'),
(8, 51, '2025-11-24 01:37:36'),
(9, 51, '2025-11-24 01:41:33'),
(10, 51, '2025-11-24 02:04:42'),
(11, 51, '2025-11-24 02:28:56'),
(15, 51, '2025-11-24 03:16:28'),
(19, 51, '2025-11-24 17:02:06'),
(23, 51, '2025-11-24 22:41:17'),
(3, 57, '2025-11-24 01:36:22'),
(45, 65, '2025-11-25 20:26:54'),
(46, 89, '2025-11-25 20:27:36'),
(7, 92, '2025-11-24 01:37:21'),
(31, 92, '2025-11-25 03:33:34'),
(32, 92, '2025-11-25 03:34:22'),
(30, 101, '2025-11-25 03:33:17'),
(33, 101, '2025-11-25 03:40:58'),
(56, 101, '2025-11-27 03:14:25'),
(26, 105, '2025-11-25 03:25:18'),
(29, 105, '2025-11-25 03:33:03'),
(41, 109, '2025-11-25 11:47:31'),
(34, 111, '2025-11-25 03:54:10'),
(35, 112, '2025-11-25 03:54:15'),
(54, 112, '2025-11-27 01:36:24'),
(38, 115, '2025-11-25 04:05:57'),
(42, 115, '2025-11-25 11:48:29'),
(43, 115, '2025-11-25 20:14:48'),
(47, 115, '2025-11-25 21:01:43'),
(39, 116, '2025-11-25 11:47:03'),
(50, 117, '2025-11-25 21:06:50');

-- --------------------------------------------------------

--
-- Estrutura para tabela `cidade`
--

CREATE TABLE `cidade` (
  `idCidade` int(11) NOT NULL,
  `nomeCidade` varchar(100) NOT NULL,
  `estado_idEstado` int(11) NOT NULL,
  `qtdaAcesso` int(11) DEFAULT NULL,
  `representante_id` int(11) DEFAULT NULL
) ENGINE=InnoDB DEFAULT CHARSET=utf8mb4 COLLATE=utf8mb4_general_ci;

--
-- Despejando dados para a tabela `cidade`
--

INSERT INTO `cidade` (`idCidade`, `nomeCidade`, `estado_idEstado`, `qtdaAcesso`, `representante_id`) VALUES
(1, 'Colatina', 8, 0, 101),
(28, 'baixo guandu', 8, 0, 98),
(30, 'anápolis', 9, 1, NULL),
(31, 'Goiânia ', 9, 1, NULL),
(33, 'Afonso Cláudio', 8, NULL, 97),
(34, 'Água Doce do Norte', 8, NULL, 97),
(35, 'Águia Branca', 8, NULL, 97),
(36, 'Alegre', 8, NULL, 97),
(37, 'Alfredo Chaves', 8, NULL, 97),
(38, 'Alto Rio Novo', 8, NULL, 97),
(39, 'Anchieta', 8, NULL, 97),
(40, 'Apiacá', 8, NULL, 97),
(41, 'Aracruz', 8, NULL, 97),
(42, 'Atílio Vivácqua', 8, NULL, 97),
(43, 'Baixo Guandu', 8, NULL, 98),
(44, 'Barra de São Francisco', 8, NULL, 98),
(45, 'Boa Esperança', 8, NULL, 98),
(46, 'Bom Jesus do Norte', 8, NULL, 98),
(47, 'Brejetuba', 8, NULL, 98),
(48, 'Cachoeiro de Itapemirim', 8, NULL, 101),
(49, 'Cariacica', 8, NULL, 101),
(50, 'Castelo', 8, NULL, 101),
(51, 'Colatina', 8, NULL, 101),
(52, 'Conceição da Barra', 8, NULL, 101),
(53, 'Conceição do Castelo', 8, NULL, 101),
(54, 'Divino de São Lourenço', 8, NULL, NULL),
(55, 'Domingos Martins', 8, NULL, NULL),
(56, 'Dores do Rio Preto', 8, NULL, NULL),
(57, 'Ecoporanga', 8, NULL, NULL),
(58, 'Fundão', 8, NULL, NULL),
(59, 'Governador Lindenberg', 8, NULL, NULL),
(60, 'Guaçuí', 8, NULL, NULL),
(61, 'Guarapari', 8, NULL, NULL),
(62, 'Ibatiba', 8, NULL, NULL),
(63, 'Ibiraçu', 8, NULL, NULL),
(64, 'Ibitirama', 8, NULL, NULL),
(65, 'Iconha', 8, NULL, NULL),
(66, 'Irupi', 8, NULL, NULL),
(67, 'Itaguaçu', 8, NULL, NULL),
(68, 'Itapemirim', 8, NULL, NULL),
(69, 'Itarana', 8, NULL, NULL),
(70, 'Iúna', 8, NULL, NULL),
(71, 'Jaguaré', 8, NULL, NULL),
(72, 'Jerônimo Monteiro', 8, NULL, NULL),
(73, 'João Neiva', 8, NULL, NULL),
(74, 'Laranja da Terra', 8, NULL, NULL),
(75, 'Linhares', 8, NULL, NULL),
(76, 'Mantenópolis', 8, NULL, NULL),
(77, 'Marataízes', 8, NULL, NULL),
(78, 'Marechal Floriano', 8, NULL, NULL),
(79, 'Marilândia', 8, NULL, NULL),
(80, 'Mimoso do Sul', 8, NULL, NULL),
(81, 'Montanha', 8, NULL, NULL),
(82, 'Mucurici', 8, NULL, NULL),
(83, 'Muniz Freire', 8, NULL, NULL),
(84, 'Muqui', 8, NULL, NULL),
(85, 'Nova Venécia', 8, NULL, NULL),
(86, 'Pancas', 8, NULL, NULL),
(87, 'Pedro Canário', 8, NULL, NULL),
(88, 'Pinheiros', 8, NULL, NULL),
(89, 'Piúma', 8, NULL, NULL),
(90, 'Ponto Belo', 8, NULL, NULL),
(91, 'Presidente Kennedy', 8, NULL, NULL),
(92, 'Rio Bananal', 8, NULL, NULL),
(93, 'Rio Novo do Sul', 8, NULL, NULL),
(94, 'Santa Leopoldina', 8, NULL, NULL),
(95, 'Santa Maria de Jetibá', 8, NULL, NULL),
(96, 'Santa Teresa', 8, NULL, NULL),
(97, 'São Domingos do Norte', 8, NULL, NULL),
(98, 'São Gabriel da Palha', 8, NULL, NULL),
(99, 'São José do Calçado', 8, NULL, NULL),
(100, 'São Mateus', 8, NULL, NULL),
(101, 'São Roque do Canaã', 8, NULL, NULL),
(102, 'Serra', 8, NULL, NULL),
(103, 'Sooretama', 8, NULL, NULL),
(105, 'Venda Nova do Imigrante', 8, NULL, NULL),
(106, 'Viana', 8, NULL, NULL),
(107, 'Vila Pavão', 8, NULL, NULL),
(108, 'Vila Valério', 8, NULL, NULL),
(109, 'Vila Velha', 8, NULL, NULL),
(110, 'Vitória', 8, NULL, NULL),
(111, 'Lavras', 13, 0, NULL),
(112, 'Varginha', 13, 0, NULL),
(113, 'São João Del Rei', 13, 0, NULL),
(115, 'Belém', 14, 0, NULL),
(116, 'Recife', 17, 0, NULL),
(117, 'Gramado', 21, 0, NULL);

-- --------------------------------------------------------

--
-- Estrutura para tabela `estado`
--

CREATE TABLE `estado` (
  `idEstado` int(11) NOT NULL,
  `nomeEstado` varchar(100) NOT NULL,
  `siglaEstado` char(2) NOT NULL
) ENGINE=InnoDB DEFAULT CHARSET=utf8mb4 COLLATE=utf8mb4_general_ci;

--
-- Despejando dados para a tabela `estado`
--

INSERT INTO `estado` (`idEstado`, `nomeEstado`, `siglaEstado`) VALUES
(1, 'Acre', 'AC'),
(2, 'Alagoas', 'AL'),
(3, 'Amapá', 'AP'),
(4, 'Amazonas', 'AM'),
(5, 'Bahia', 'BA'),
(6, 'Ceará', 'CE'),
(7, 'Distrito Federal', 'DF'),
(8, 'Espírito Santo', 'ES'),
(9, 'Goiás', 'GO'),
(10, 'Maranhão', 'MA'),
(11, 'Mato Grosso', 'MT'),
(12, 'Mato Grosso do Sul', 'MS'),
(13, 'Minas Gerais', 'MG'),
(14, 'Pará', 'PA'),
(15, 'Paraíba', 'PB'),
(16, 'Paraná', 'PR'),
(17, 'Pernambuco', 'PE'),
(18, 'Piauí', 'PI'),
(19, 'Rio de Janeiro', 'RJ'),
(20, 'Rio Grande do Norte', 'RN'),
(21, 'Rio Grande do Sul', 'RS'),
(22, 'Rondônia', 'RO'),
(23, 'Roraima', 'RR'),
(24, 'Santa Catarina', 'SC'),
(25, 'São Paulo', 'SP'),
(26, 'Sergipe', 'SE'),
(27, 'Tocantins', 'TO');

-- --------------------------------------------------------

--
-- Estrutura para tabela `lojas`
--

CREATE TABLE `lojas` (
  `idlojas` int(11) NOT NULL,
  `nomeLoja` varchar(100) NOT NULL,
  `telefoneLoja` varchar(20) NOT NULL,
  `emailLoja` varchar(100) NOT NULL,
  `lojaCriadoEm` timestamp NULL DEFAULT current_timestamp() ON UPDATE current_timestamp(),
  `cidade_idCidade` int(11) NOT NULL,
  `representante_id` int(11) NOT NULL,
  `fotoLoja` longblob NOT NULL,
  `cep` varchar(9) NOT NULL,
  `bairro` varchar(100) NOT NULL,
  `logradouro` varchar(150) NOT NULL,
  `numero` varchar(10) NOT NULL
) ENGINE=InnoDB DEFAULT CHARSET=utf8mb4 COLLATE=utf8mb4_general_ci;

--
-- Despejando dados para a tabela `lojas`
--

INSERT INTO `lojas` (`idlojas`, `nomeLoja`, `telefoneLoja`, `emailLoja`, `lojaCriadoEm`, `cidade_idCidade`, `representante_id`, `fotoLoja`, `cep`, `bairro`, `logradouro`, `numero`) VALUES
(60, 'loja2', '(13) 99812-5660', 'loja2@gmail.com', '2025-11-27 03:05:14', 45, 98, 0x646174613a696d6167652f706e673b6261736536342c6956424f5277304b47676f414141414e5355684555674141415538414141435743414d414141427056667154414141426f56424d5645582f2f2f2f2f4652332f3877482f38774141414141654752762f2b41442f395141414142762f2b6741414142662f2b7741414142594141426e2f4141414141427a2f2f2b482f4142344141424c2f2f2b4d414752762f2f39372f41417444514548354141442f41424e6e5a57594141424e5555565033392f65596c35662f2f3879357268617a737249344e44595443673772337738634678736547686e4f7a73372f2f39666631426a4b76784a69577834544752764477734c753775345745527542655343476859577171616b2b4e786e65337434534442745052786e356f59372f2f386e2b2f3736716f4245784b7855414141703665486e2b39437a2b2f37676f497957646c68502b2f4b446f475344336257466d47423142506a2b53475235725a4257416542583939446a392b487a79475348392b6f2b6f4768372b3956663735736a39393237392b5962393955306e4952565a474274424678725647522b334742324847683070467872383441357762322b54697858336b7850356d596232694872344c7a44392f617633744a31695842623277617031467833314f7a7a32546b6e35303766474678796247427a345a467630714a56455068586a3252524c4678723358787234724244337777373631516632624262336f68493541427a7266686a335168616f707044336657373865524d4145526e49735a7231616d446131716176715765765868546c5352776a45526c4e5642663675517737517856754142346a4a78614162426a6b6b6b71334141416741456c45515652346e4f313969554d613264616e466b56565551574b5556515163594643515242464d4e464533474a456778486a47714f64474456526b326953546d2f6a792b53626d663536356e312f395a787a62363177437a47643950767932704e466761716937712f4f50667339743648684f364868644751712f4b432f767a38634773304f44502b72622b6637706c786b687566355731316557665a3233626f48762f6448766e4e49682f74354334315766446f6159744a553561427a4d396172524d6970595462316d536546654e34726e34394d396959546957537964373934562f62792f4637334e7837794e3655774c386b2b386c65533541772f5950304d554c70336930484153476e375666716a507530536b672b756b6d735955486e576d554238534d4e726c4c386c442f584746493867694b496f43494a4838635236682b5237397076347a716a663278737a61496a7673337955356233714a4a50474a58374b6470576f4e326c655a597766474f586c6a56346d3765, '29704-410', 'centro', 'rua bahia', '123'),
(61, 'loja1', '(13) 99812-5660', 'loja1@gmail.com', '2025-11-27 03:06:33', 34, 97, 0x646174613a696d6167652f706e673b6261736536342c6956424f5277304b47676f414141414e5355684555674141415538414141435743414d414141427056667154414141426f56424d5645582f2f2f2f2f4652332f3877482f38774141414141654752762f2b41442f395141414142762f2b6741414142662f2b7741414142594141426e2f4141414141427a2f2f2b482f4142344141424c2f2f2b4d414752762f2f39372f41417444514548354141442f41424e6e5a57594141424e5555565033392f65596c35662f2f3879357268617a737249344e44595443673772337738634678736547686e4f7a73372f2f39666631426a4b76784a69577834544752764477734c753775345745527542655343476859577171616b2b4e786e65337434534442745052786e356f59372f2f386e2b2f3736716f4245784b7855414141703665486e2b39437a2b2f37676f497957646c68502b2f4b446f475344336257466d47423142506a2b53475235725a4257416542583939446a392b487a79475348392b6f2b6f4768372b3956663735736a39393237392b5962393955306e4952565a474274424678725647522b334742324847683070467872383441357762322b54697858336b7850356d596232694872344c7a44392f617633744a31695842623277617031467833314f7a7a32546b6e35303766474678796247427a345a467630714a56455068586a3252524c4678723358787234724244337777373631516632624262336f68493541427a7266686a335168616f707044336657373865524d4145526e49735a7231616d446131716176715765765868546c5352776a45526c4e5642663675517737517856754142346a4a78614162426a6b6b6b71334141416741456c45515652346e4f313969554d613264616e466b56565551574b5556515163594643515242464d4e464533474a456778486a47714f64474456526b326953546d2f6a792b53626d663536356e312f395a787a62363177437a47643950767932704e466761716937712f4f50667339743648684f364868644751712f4b432f767a38634773304f44502b72622b6637706c786b687566355731316557665a3233626f48762f6448766e4e49682f74354334315766446f6159744a553561427a4d396172524d6970595462316d536546654e34726e34394d396959546957537964373934562f62792f4637334e7837794e3655774c386b2b386c65533541772f5950304d554c70336930484153476e375666716a507530536b672b756b6d735955486e576d554238534d4e726c4c386c442f584746493867694b496f43494a4838635236682b5237397076347a716a663278737a61496a7673337955356233714a4a50474a58374b6470576f4e326c655a597766474f586c6a56346d3765, '29704-410', 'centro', 'rua bahia', '123');
INSERT INTO `lojas` (`idlojas`, `nomeLoja`, `telefoneLoja`, `emailLoja`, `lojaCriadoEm`, `cidade_idCidade`, `representante_id`, `fotoLoja`, `cep`, `bairro`, `logradouro`, `numero`) VALUES
(62, 'loja3', '27999309980', 'cesar@gmail.com', '2025-11-27 03:13:59', 1, 101, 0x646174613a696d6167652f6a7065673b6261736536342c2f396a2f34414151536b5a4a5267414241514141415141424141442f3277434541416b4742784d544568555445784d5646685558467863584742675847426f674868635847426f6547426f5947686759485367674742306c47786758495445684a536b724c6934754742387a4f444d744e7967744c69734243676f4b4467304f477841514779306c487955744c5330744c5330764c5330744c5330744c5330744c5330744c5330744c5330744c5330744c5330744c5330744c5330744c5330744c5330744c5330744c5330744c662f4141424549414b67424c414d4245514143455145444551482f78414163414141424251454241514141414141414141414141414145415149444251594142776a2f7841425645414143415149444177634742773046426751484141414241674d41455151534951557851515954496c4668635945796b6147787764455549304a5363704b794278557a5130525456474b436f744c68384261446b384c544a484f456c4d50784e474f7a346b56565a475630704f502f784141624151414441514542415145414141414141414141414141414151494442415547422f2f4541443052414149424167514342676b4342674943417745414141414241674d52424249684d55465242524e68635a4768464349796762484230654877516c494746534d7a6f7646696b6b4e794a46505346762f61414177444151414345514d52414438417a51586d6f336b556a4d527a615a69425a6e4275637830754644574a747261745a517a574d6c4975746d375043624c414e756365596b71434351415341644f424358423761724c655679484b7a7348636b4d48615233497342453172396245416567476e556a6f4f4c4e33794c554b6b72664f6c36766d714f7276726e6d6251324e4b4a4f2f7a4833564251375032482b752b6742776673506f39394144677836764f5251416f4a3668352f3555414f7a4873382f77444b6931784e70626949354e3745616239443736476d747754543248325057504e2f4f675a3255395a3948756f41544c326e2b75366742446c362f7742342b2b674374666e7a2b6141332f68446d754e77746c747231333844567153346f7a63487a4473504d6a4334476f3049747170366a626364336e42476846535753744d6f336d3366703636714b623245326c75517962526a58657772525570766751367365594d64747838417a6477423952765553634965314f4b3934314a76614c38434e747275664a684a377a623169734a59764452336e344a737452717661506d675a4d5469415356574e5178755153545938534c58332b765869613535394b34614f796b2f42464b68566646447938353379714f774c376269734a644d4c394e4e65396c656a506a4a6a57773748664b35383374427246394e567545597233666350524963572f455a39376c346c7a2b30665a61734a394c597158367641306a68366134436a41786a584c62785076726d6c6961303933667a4e56474b32464969346c50456a323146367a3275505135576a345738426631564c5652372b62486f4c7a7659664d6664584c36326268346f6f666e2f56506f3939625a65305232592f4e3835487376537375594562504a66524574394d2b724a3761646f6333346663576f68457034786a775a766174483950742f50454e5242484c786466424437584e4761484a2b5032437a4f4f486238362f67492f61687035342f74586e39517342375152514f6e4d322f693458374e7139506f6d54394b6a3674742f677a44464c2b6b2f7a69455964384c59586e424e686f6351783464526576715a587565584339696532452b624765334c6d394e6a55616c616e6d4731646853754635714e436f646a4c7a6f305532584a5936454378593569647a72323271556c774b696e784c4842624d526f30695a49786c5732645a4f6b7852565870734435594a625871767152524761563359556f752b34592b456d674675634573626b4b62327a4a726f5131786d484133462b326c4b6f356150674e5153324e4c7959364f48573967574c4d51642b72487150554258504c63336a73584b7966724c2f586a556a4957782f547943392b764c30527066553571745258456955704c5a4530574a42304c5a57366a5958377434596431366c6f75354d47487a765637714148356838342b622b56466833495a7a4732393248635350506171554a63455135773473466d6d69533253517152774f63686831456530616a744768724a50696956557038474f6a32764752354568505541573878346a7a566c4a303476317078587652655a76614c38422f77384864437837786231697333694d4f743572776243315468487a516a597154354d41486556396871486a734b76314e2b3736686b7176676c37776166616b692b55304d666577397443786b4a6632366370666e596d4470792f564a4c383779746e3553526a797362442b795166734531736e69356578683337372f4f78443670653155384c666371352b566545424a4d386b6834324461676268306c48576550477456684f6c4a37526a48772b724a3633444c64742b50324148356434623545456a4839643765302b71746c304e6a352f334b397537375749654b6f52396d4835356737666441743547456a55395a652f715155662f77417a6d66384155724e2b373674692f6d4e765a6a352f59466e3566346b3768476e30522f466575696e2f41417a6849377554392f3073512b6b616a327354386e755773786d564a324452756245355642516e63626757746531376a6472333439492f772f515642796f4b306c72613731374e587679375336474f6d357054325a36484966312f732b3676684b6d613371782b4a374b37526f4934742b3937714b6171635635413743575872632b4c6d74627a3750496e51374b6e7a536539543752537a542f64356f446c5252714976516f397453322b4d2f4e6742626132354668554479686c55746c46686657784f35623657423172727750523158485648546f326253767930323439356e5772776f787a54446b6b5967484b426358314f6f3778626658464f45597478767432666331576f3758734870393152614a5233533678356a373666713876503741646c5057664d50614b56317941697845716f705a3541716a65574b6744764a46615534547153554952752b5375324b54555664737150375534484e6c2b457266727a4e6236336b2b6d76532f6b6e534f584e314c38466677334f6630796865325a46304978332b4a507472796e4b53304f6e51376d6c2b61504d4b4d38755937412b4e6a584c6577336a674f757651364c6b2f536f6138666b7a4845722b6c49507745345a5259376859396846686176725a725538654158656f4b4d5a4a6879474243503074435a434348625733524c5858544e6f514e57465362464c737959704f57654a55414d75596f477942784a307267416b57444455674334374c315357676e7557653238557069577a49515344305344705937715668584c544462523570596f776a4f3251486f384e32707633317a31707770527a314a57527247386e6c6972737465656d74666d764f7739395a537857486a2b7076755831476f3147396c346b5a32675235636b4364372b2b696e6946555636644f62393330754b536c4832704a41754c327a42617a5971496a714346764e6c5070727168444653396d672f652f725978633661337165467675415338714d4d674a4f496c634439512f77436133704e58364a306a4c6145563466636c317350786b33342f5942586c786858766b6a6c65335751505535725a644634365874564575372f534965496f4c394c2f4144336b45334c55664a777164374e6632653272585155356533576c2b65386e30364b396d432f5063447479356e486b78517233412b2b6d763463772f774371556e34665150356a50676b4134766c706a43445a7744314256395a424e627836417753336a6676622b704870315638536f6835563479532b615751647a737632534b366f3946595347314e65462f6a6369574a715069525437516b6279325a76704f35396256307777314f48735253376b6c386a46315a50642b622b70424568593943504e39454d665561316274764c34435859676b624d78422f4a334861597942353246717a64536d7631655a65575849624a733658637868572f7a70494e504174663055645a486866776b466e7874354138477a516831784f483845592b6c49695054526d767447586a39574e39362f506354734968767845682b68454c656470463956467050394b39372b7a4664632f4c376e4765416670442f77423469656a492f726f554a76384161766466356f484a64766951375641575379356770534a724d32596a50456a6b58734c36736546565356343364723366446b32676b39667a6b656c38673974632f68386a4834794b796e395a666b4e35685939716b38612f502f3467365038415273526e6a374d3956325069766d752f73506277566672495765364e4e587a2b68324355686d562b3650744a6f734b416a4d72794f7167715343414f6d6245612f4a412f6172364c2b474d4a4445597938306e474d573956645865692b4e2f636348534e56777065727533597a584b7a59777763555569346d637a737742426b2f564a5a6c745a67417741336e6658305052485350387772314b546f7736704a326158625a4a384e5563574b6f6454434d6c4e3575384e355246353854732f437961766c53535964707358386252796657726b364c36764334624759756c374e355268334b39764f55664131784761705570557062377638397a4c6e61573370704d51634c67776d6442655757532b5750734147397466507062516b6550684f6936464c444c475931764b2f5a6a486558322b5774397239565445546c5536716c757432396b41594862574c687879595765574f645a42664d71674662687265534278553342766f516137612f5232437848523038586834537075504274753972632b78364e6364444b4665725472716c4e70332b2f30423971346e45596a616e77654765534e493147624b545957584d7a5a62324a753458586a627172664255634c684f682f5361394e536c4a7531317271374a583353307633584a717a71564d5631634a5753332f506556584b625a48775046346334655755797945584c74646932594b4c6b4158445849495056586f394534372b59595373735254696f52344a5756724e765473356d474b70645256686b6b377674375638545863724e70345546494a59326e6373485746415353645143777542625536472f586253766c756873486a5a4b57496f54564f4b54546e4c687333627437664d3944465661537443617a506b6a496374584968514e6749384d433351594e486e494175526c6a4767314637396c66553942785472796363564b725a6171307375723064322f43336165666a586143547071504c612f6b656a3749674d63454d5a4e796b63616e7656514436712b447839534e5846564b6932637050786250616f7863616359766b6771755130494d62354a3850585866306137597148655a596a2b314c7546324564472b6d337350747237536f654c417461794c4b544849575267504b417576306c4f59656b436f4e536a326133786a792f4a35313150594a56696b5676446f7233472b6c6a566342465074624b37475571674a4d716a4b4c484b72464c75312b6b546c4c634c587432314c324756764c376155735a773677794f7062546f4d51575654613259485868586668384c53725756534b6b6c7a5639546d6c556c4679635859726470343253635a527a6a6e53366e4d7839746572476e5370374a4c775278336e4c69324659445a557755446d7042394a535053526171363648376c346b754435426f774c3854474f2b5750315a72306462486866776630466b6634304e6b77536b5761574d58304936522b79686f3678384976792b62444c326f4677327a49497430702f5a526a39724c547a7a6636664672355847375069536c594f4c544e2b77692b6e4f3146366e4a654c66795176563752686b67483475553938713238776939744f315238563466634c7835656632476a4549545a6350476571356c4a3945674238314a776c786b2f4c36426463463866715378695a69566a777935674153467734596748635348566a6274714831615635542f414d72664378667250524c794a6342446a7063776852756963725a456a544b656f6b4262476f71504477746e652f4e742f55715057506235444e73374f78384b4b303753674d3256515a73784a4976594b7248713956464b72683575304c61646e3243556169316678422b55504a75584342476e614f3868495656596c75694e5362714259584133385256554d564371326f583043644a78334475542f4a4834526833784d6b334e524c6d2b526d757143374e664d4c44655041316e58786e5631465469727676356c517058575a734e35483869343856435a706e6b525335564170555841307553796e35567834566c6973624b6c504a464a3879716446535632577547354334565a356a4a6e4f486a6a51394a72644d67733132533267554b663236776c6a36727078743754666c77382f6758314562396835766933557537497556437a465675546c572b677553536243316578424e4a4a376e49336656426533786164783142462b7247712b797336442f7072332f466c31506166357748636e4e726e437a704b504a386c774f4b4866346a516a7441726d36537753786d486c53652b36664a72623650735a7068367a705455764875506149704177444b515649424248454855456546666c6b3453684a786b724e614d2b6a545456304f71426d44355a524845375177324642494155737847385a727362646f574d665772374c6f4f666f5852746646745864374a506a6252654c6c35486b34786462694955767a38304c765a6e4a444477754a546e6c6b476f65567378423445414143343445334972794d582f45474b72302b716a6c68486c46572f5064593636574270516c6d64322b62314b62594a352f61324a6d766459675558734974487033355a443431366653482f7741586f4f6a52347a31666437587a696339442b706a4a793561664c366d63696777304f496e5461535361755752686d416137456b39456a4d44634548586a7572335a3163585877744b6652736f364a4a70327574467a3274716d6a6a5561554b736c6945395870767a374459636c634a676d5979596643764745746c6b6b56756b574242795a695362446a2b7458792f5447493652707756504556314c4e76474e744c5733736c2b4939484330364465616e4331754c2b514e794732664c7a2b4a784d30626f5a44305134494e6d5975326834446f447772662b494d565139476f5957684e535556725a333253532b5a474270543679645361746662383843544737456e6d3270484f7957676943674d5758584b70595757392f776a63527772504439493462443945546f526c2f556e66537a34744c6662325556556f564a347054613956666e78473761354e596e3462384d77736b59596758456c39434535733273707543766362337034447066427241656859754d726334386463334e57615956734c563637726154562b305448386a70635138556d4978415a314e3241546f356271636943347475613747354e783155384e302f6838484764504455576f74614f2b7439645a62396c6b7446727a4850425471754d716b7456326164794e6a5879746a305472554151597764452b4872727377476d4a68336f7a722f77427558634d355044384c32532b754f4d2b327674616d3534735335724d6f384f6662654c6b49487769545567644669752f54354e713538317a7279706267754f6d7a67454d37426b4f373554524168376733743046513864316170584d6d37424b534c486833796c694347494c664f79675a546264753339394e705730466658556a634d6d4b697a4d6330635476636b6b6870455652716462683274345636654556347450693063745a385458636f746d7369784579794d73696b324c6b6a514b62366e6a632b61744d4a4e546254533037446e724a78537345636c75543862527337524c4a646a476f5a724164473562545739796f4234616d70786c65536c6c54746255716843367a4e4766785549526d57397772454139646a61396568546b355154664935704b7a614e467953354f787a78744c4e6d79357371414731794e35376453423447754c475975564f536a44765a3055614b6b72794c665a2f4a4c444b30706c556b426956425a686b6a5734753255693979474f76414474726c7159367131465266663273316a68344b397972354f59654177596e477951727a575a75615278635a5630476a6353534637776133727a715a34555979642b4c3758394e795952696f75625863486a5a6f774f48456f673537457552666f33434d774a4e676f364b6931744c584a4737686d3672784e544a6d7977586e39783565716a644b3745354f59695445346873546941454748526b414149437553633573784a424336487770596d45614e4e553665755a333933447a436b334f576158445436682b4f78555547486e786b544d7a546746576272746b6a436767484b4e5472777561796843645370476a4a61522f322f65584b536a467a58483851376b2f73786f4d456b65523264786d634b2b526758477654754343426c57344e394b5749717170586372364c626a734f454d734c4644684d487a2b30774370575044414d77615270506a4e3436546b363349302f38733130796e31654776786c3257302f50695a7058716433784976756b374d53543438346c63796849346f526c38706d314a59746f4e535362614261574271536a36696a32746c5659703633492b567531344973424667734e4e47354f56475a4742415664575a6974375a6d7466734c55384e536e4b733674524e63667a7543636c6c797859552f4b7642776e427752533368697a475267726135597971433174637a746d4a484652554c44565a3535795772323864664c51626e46575332494f56764c5743584479513466506d6b49444d56734d756d6266764a4143377478725443344b6361696c505a45564b7963624938366b4768376a5872726335487348386f522f74552f5a4c49504d784873724b682f616a3349307150316d5632577453443058376e473273796e4375656b74326a767854697667645232487372346e2b4a656a73732f536f4c523653372b44392f78377a324f6a36393131623978743756386c59394d7230324c434d51324a796e6e574669785936437746677437445144303132793651727643724358575261327432333333334d6c5167716e5763512b31634e6a59677732436a6a767a63614a6d4e327971426d5057624455366e6631317456784657745a564a4e32327532376433496d4d4978396c574a71785461324b4f6f41366b4d53674471594855674f6f41366d424469764a4e644f442f414c38502f5a664569722f626c334d6735506e70542f3730662b6a4837712b32714869784c7573696a796246344d5269346a5936485557364a746f625875646262746135345131314f716337717854386e575241515a456b4b68386f53354b73555a546d424174652f627572715373376e504e33513748454e434171577a5a5534587a4e594854724a4e2f476b39304f4c304532686d6247346f68637743354d724544664e6d41754e4c35554e65706731366937322f49356178365273374270506734565a43564371414259644d61577a5a756b6331395259574c64646355355370315737325a53536c46467873794551706b6a7737574a33686b7333414d6276665541634b7971536335586c4c346c525353736b5a6e6c5a736e4d774b51394c6f6772454e3177316751504b4a746539685943757a4231314432356164706c577033396c616857447830364c436b65436d7978413342364f5a6970462f4a3038706a627448565764536548626c4b56574e3337374c3873564656465a4b44304238666a4d59385579484435544b54646a49756961444941534e4d6f74346b38614b645842786e46716437646a3335364c6d456f566e46724c76326f72635a4e4d2b4854444e3848696a544c2b4d5737572b645a6a764a7a62743962777255465664534b6e4a762f4149763645536855634d72736c336f4b546c446956554b6358687442624e5a326239324d67314468536b37716a507753586d79727a5738346c6248695173545266443143506d4c4b734d687a46764b753251453337363164536370715377387272613769766d526c696c5a3146627549635869595856556b783872717473716942724377734c41734c57476c4f4d73524674786f4a4e38354c364d477162337158397737345a452f342f614d76635065357162596c6251705237322f2f77416f6471664f5438434a7344436466676d506b76723068612f69735a6f367a46662f41475531334a76356f4d744c39736e3332474e686f682f384f492f336d49646659744a724550664565454639575573692f7744482f6b556d30734757636c55686a476c6c57654d323854495361374b4c6349576c4a79664e78612b43534d3561753653587642467769385a6f6c372b635070534e68576d642f74666c3832446a32685557456834346c50325935543970466f363266434438563957513478356a756177344f7373702b6a4175766930773956505055663656342f596d3065666c3977626147493579575351416a504937324e744d7a4672656d7270724c4252354a494a617473474a3744364b713472453244786278534c496c7736454d4470763764647833456452724b76536a5770756e4e5854566d5643546a4a5354315237487366624334694a5a55527248654c7230574739543075487173654e666d4f4e7755384c57644b6644627458422f6e6366523061717177556b473836666d4e35312f69726b79726d616e5a322b5a3579505a5379726d41685a2f6d7239592f773057584d596d5a2f6d7239592f77414e466f3877314f7a50383166726e2b4369306566353467497a754e34516674482b45554b4b653177755153593152766c6858765965316857736350556c74435439784c6d6c75775754626b41333476446657482b7057793650784432705338483943585767763149486b355534556238584234426a366d7252644634702f77446a667661525058302f3341306e4c6243443870553930556e7472615051754b663650386f2f55547856506e354d486b35643455666a5a4439474d663571325851474b65366a342f5245656d552b30476b3564774e5a562b45335967655248784e74777561366158514e65456c4e754f6a542f5677397845735a4270717a387671584f7738623035745a2f4c58644364666931477434394e336f723135376e44464633384a623575492b70483752575a526e54794b6e307a593433366844702b2b37656d6a51585747513554374e5443346b4938727975304f5a6d5a564756575a6c3074354f694864565756687154594a7378427a6b433349557a70665545325568696465343965366f547579396b43374a32726c6e78443530444d596a385a454a44594931374169774e324856787230343063394b4b3134374f33774f61557253662b7a52624a355867536738347a61574b69434f4d45572b63736c787731417670616d384636746f7278626678755136746e642f493055504b2b777349327938463537634f712f4e356835367a65416c7a51765349386d436251355172494c6642325864716b77767066695631766d3150594b31703452786432372b37376b53724a396e353346544a6a5534784f66704f572b7a58556f74646e6376396d6261662b79427362462b5a54784533385171396633507758304a7479532f5065526e615363493476717366744530724a2f716635334965764a455462565042592f2b58512b754d3037523576786b5031755338687633356b344733305967763255464c4a5435502f494c7a352f416164737a666e7076417550565479552f322b51586e7a38794a3970796e664a4b65396d397070714d4f4566495872632f4d4665516e657050655639395770636b2f4956753059542b7166336666547a506b2f4c36685a632f69527439452b63652b6b35506b556b75594869435277394e4b3875526153356a595a75377a2f7970336c79586a3969576f684959396e6e2f414a55586e79586a396857694e5a6a317254396673443152797873336b3639796b2b6f306d354c647238393431626b2f7a334536374e6e4f364b513930546e3156485763357238393437646a2f5063575779634a7447467330455749556e666146724876444c592b4e63654c6f3462457879316e462b4631334f397a576c4f705464344a6f76327865326a38686c2f7534683975764b58517652712f5533372f414b493676544d52795835377942357473664b6d436437344d667a7252644539474c394c662f596e307245506c35454c4e6a7a35573049463738544550735671756a656a31745362397a453852582f636764384c6944355731492f4446544830494c5671734a67343755504a66556e72617a2f55515067452f476254423776684c2f356130554b4d665a704c79587a4279715039514f646c594835574f763841384e4966537a43744f745332677638417369625366462b416e77545a693738524b333059554832704b6e727579506a39683548326e583255506c59733933776365303031566c2f7738784f44375266686d7a463352596c767053786a374b552b746e2b3650755444712b78694e746e5a772f4932503073532f77446c5368564b6e372f3851367463764d636d336348386a41495432797a7455797174627a662f4146477162344c7a482f32676a566c74732b46626b574a53572b3861726d5961696f7a356b37536b2f41727132743062545a47334c53536b5962457663786d7752415230534e637a693137567850557178626e6c424c7777474c2f2f41462f624e53734f7733453870514463683157317a3857574c4c383551704e725834323339744e5530536b6d6557637473656b6d4e65554d57554969644b31794c4b3172376c485362547231363654566934624157794e72326b556b4135566c5957792b567a625730596a695270636b384154705552692b426374696e4d444756334b754157596a513769644c2b46657443706c676c5a2b427a535633774c6e5a65476c6b316a52794272664b414c6468625430304c4578375358534c794c4334674456443966446a31794372363963452f4179645075486648376845664754442f783064652f327938426456483979484c484b62356c566571386b52763841557a41654e71665876397367367150376c35676a504a6d49626f64756b6c2f7143394858543550342f514f72687a2b524b6b436158784c6a2f686e2f41494b6a7261764a2b434b7951375045566f49503071542f414a4f512b366c31396239724831634f6138534a6868782b557a487577546532576c3139666c35503644564f6e2b4e43475443666e4d57662b47556639536c31316673384a66514f72702f6a5243307547345069664746663471705661334e66395a66514d6b4f586d6873697142664a696261616d4c4b4e526361355476476f36785456616f394d332b4c4230347268356f594775474b777a454b41574a47344567432f5146745342564f704f36546b3966384169546c584a65494a49354f354848677674703570383565434861505a3473456d6c63662b35495436314e53383734792f784c57587338794f506145696e5178582f77447838503841364e47575433632f494c722f41496c6e687474346a354c2f414659495038734e5136634f4f634d7a34574c4674736252567a486d784163616c52454152344c487572504c68375865617858395339744157546c4c6a542b55346a775a78396d31614b68512f612f426b3535383044536258784a33346e46482b2b6d2f69703956532f592f415761584e4266775975697532497852446e4b76516b624d2f774177586e424a76707572696c695647636f4b6c74712f57745a63336f62716c644b57666654626a793342346468536337476b7363316e5969796b46694631634b57664c6d41423330353949596671707a704f2b5663573761375831765a766b4f4f48715a6b7063653445697736757a43494f514d7a43374a66494e626b6c674c327457387130616345367357746c78333862376b4b446b3752662b6979325667494869615234735579726d7a534930415262414855794d4c6e58555847385677597a467a70315654676f4a75316f7954636e345077304f696c53556f33642b396243624c6a776a5273375953655152693872724c45416f4a4f57796b6a58634c58756465367078645376436f6f77635975576b553433627476716e3532734f6e434c5633643233314a646c78345752582f3247566769737a794356526b314f57775968547062516b6b3636564f4c713136556f326e464e744a52797033353758652f75584d716e434d7236507675783277326764477a594175714b544a4b5a4374742b57784a4367376862556d33685378396174546d7374544b354e4b4d6252642b643758667630534853684753316a7475395374696a5a6b4d695957557869354c5a54595733363272766c6a49516d7163704c4d2b475a58384446555731644c5175746d346f744571775950444d36497a767a6d566e595876755a4e4c58746135346271387246565a517175566163314754536a5a744a634f4850652b68303034586a614b562f4d69324e744e68444d3659474d6c4636636a74714f634a43383275537774626478303356654f7a757654684b6f306d3949722f6a766d653471537446745249646837616d5563784643715353794c5a793530344253416846696550627772584855564b585831645977543958347668735453756c6c6a6f32544862324b77387334614d4756687a5a6b442b546269746c462b484162717a57477059716a53634c4b4365613350735a5761634a4f2b2b3177586c41324b6a6d564a32456a674b774f6469414364335341493147363356572f5231576e556f75644343697232656c747537764d36384a526c61627562485a63324e352b594b4d4d4749695a72695169783577444c596a6947763455305979537558643970664f77662b484c2f414b6c55534237513550526a4d6c6773626b4d426c5168584734414d7030754e3237587471376f7a75306557625777364b3352544b65636b584c6664596b4164673775465a79736252625a4a7378315154673778425936323161534e50456857625547706a644e4e46793753624362476a654f4d664347535a684758443349484f3562414b69356c4f5a774f6b6463724851437651367a77377a6e6137447352735451796d5a444d79744979714e626e4b56734259616c3142304158747456787252676c46624363584a6b2b4e6d58446f43736e4f6b74494d797141746b5972767a45687446624b514e48585531634b755a6b536754593761334d7371644279794939306b75426e46777247326a41613661616a727257465653567a4a305761754b4150484630465163327a535a6d5953633668436c6331694d6a4678593230796e532b68356e58635a4e33767935572b756853704a3252412b7a6b4a5a45636d5172493645745a417173566a7a36583141444864595658704d74326c6254763752645574685a634967695a6c7a79716f4d6e4e67674d774c46455975454a526373636a6b574e73794454556c4b744c4e725a50612f6d2b4f2b7476454d69746f636469706e52434a7677717157556b383668516c3356636c306a57546d317a416e5269642b35656b7973326d7476445862767466517271346d665341476649396f6f2b637973776c5a776f7659734461374453397a58523172554c377533635a35566d4238644261566c684c534a6d4951356d757776596445446561714e583155356141346136476d6643782f4257777179686a6e674c3565637a43566e7979484d55417971434646766d6b377a5848317a367a7247756475363268726c39584b687530705957357955786c37696152554a6c796b356c677777734141427a614d78493134586f67337046506b766e4c7a4b647479654134654f566c574f504a4c50477367634f5645554d5161526c52687065526d41485a6671744e35796a6537756b37633774366551724a4d722b62776f773552674c79434d6735656b686b6c426530675579336a544d4464674461774233316f35314d3939644f2f5779384e574a4b4e763945763841614c44724968744771632f4f784169386e44716d574f50384865386a414538527849476c5a4f45725065396c7a3334763347695a5874746a43694350444b45356c3434556c424d6f4b735756705a4f6245466d645347735249644c5746566165647a317672625477342f49656c72424135574a49366d5356724448383641764f6646595a46797146734e4331794342777666665171646c6f7630323732532b31385238484b434d367669704659596c706e4b6334544e474e5930556d785652306c794e5a5265397162684c68486862686f2b4c4664632b4a6b4e6f3477535379536332426e6433746d58544d78613370727267387356485852454e585a4148487a4648375331576673666c395363766161544262656a6a62423555757343535a745542456b74387851485132754c587465764478474371566f3137364f626a622f77425932736e33396836464b716f75435836623337324d504b56454a434336694f555267527752685a5a426c7a35596a757938626b6d2b36735035664f6f7658566d35527a65744b5634783174643976445932363552396e6b37624c56397856795936414273735465516f5573363650387069414e33554b3942656b74724d3175373258446774392b624d625157793465596467755561776f65616a504f4d6d5273376a494c697a4d4641315066584a694d4655784531317257564f36737657303256372f41326855554636752f666f44346e623738796b4b4b4655644a7a6d766e6336584e686f414e7731725747442f7279727a64323946324c7833664669645431564645754f35567138584d6a444246414f5730736c67337a797467484e396461357150526c574666726e55753376367132354a36325863584b756e484c6c383252346e6c63486a455877614a56414957786b30596932596853417a63626d394f6e30544f465a317574626233766c3235624f7937685045336a6c73764d7054744e37577670334e587039557233736a4c7247576b6e4b79544b79787851524631737a526f325971643442596e4b443256774c6f704f616c566e4b655633536b31612f50524b2f764e5053476c5a4a4c33416357335a566865455a636a73724e6f3137726177763161587458545042516e576a5766745254533561376b71733073764d4977764b7245524b46546d6c734c427561584d416631694f32734b76526447744a796d323737724d376546796f31354a61664137413870385647446b6b47724679544772484d64375a6d424e39427871713352744371316e5779746f32744f566b3741713831732f49466d786b38724632753748556b676b6e3031303036634b554643466b6c775269334b5475397a307a5a447a664370756b416561674a364131476555446578747872695456695a4c5530587833353339784b64304b78426a646f576a6475646467464a364b6874772f55537373375258566f387762476958444c686c6a4a6e35304f4a5346734d72584a4c587675494737696546564b66713359314431694c4437506553476459317a794f30616445622b6a49372b54326844547053563045304d504a44474f57655656444d626e4d62616e73413037674c5632796e536b6a424f534a384c79527861506e696d534d327464574a30766336355478417149756d6874743657446c354b7a73464530365342426c554d5a4c4b765541457477725a5636613249616c79445965544d53322f41433359392f7356667055445071356c6f5943577a48454a6e74624e65533975724e6c7662737165766f3274623445395855427a73784c367978584979376e386d3173766b62726157702b6c3068395455487834444948436d49356b79486f4f624c31446f323674343443317169574b704f336a774771557755624b424f396431683048336451364f37737176544b664c3442314e546d50484a784c623048397a4a2f4254394d674c714a6e446b7848316a2f6c7066344b58707341366d5a78354c5236477874325953592f3841546f394e674855544f2f7331474e624d4f37427a667755504777483145786e3368516275633136734450627a3565326c366444382f77424439486d534c79626a62684d662b436c487247744c30325049666f387a6e35486f666b346a777778487271586a56794b5647527735494a2b617866684342363658707659507147642f5a4f4d666b2b4f506448455074476c36612b512b6f5a49764a574f332f684d6635734f50383148707a4471474e68354d4b6679484844365459636570366e3032512b6f73454c7954483644695047574965703658706b683953534c79542f38416f4a5047646659315338544a6c4b4451787553502f7742744a373856612f6d4e54365449724b795265534c634e6d782b4f4c622b4530656b53444b795a4f5362666f574658365749632f38415470646577737877354d323377594164386a6e31705336396a732b5a41334a78416456325950472f724170656b54486c375250764841506c624c483749506f7a552b766e7a466c46477a49422b5032614f36472f2f56464c7270426c484443516a38717750374f47502b72533632515a535646773433347544396e446e2b49314f646a796a785068522b5744396d452f776d6c6d595752494d5668663032547769487469705847527669734e6c4e735a4d57736266467276346669616c6a4d3742744757475a334c4a4e6e524575777462497a4d4c424d767a7a5455394163517738714a507a554831582f6a705a685a4449737a4b4351534c4467654868547a4965566952497252757a58466b36723675354776677670713373527842646e37536c77306179717a4a6e646c47566943636c73784e694e446e556673304e6a73586d413563346c696f357955334e767768395271573744796f30734f324d556678726a74762f4b6f637835436362557866353576502f4b70367766566a767672692f7a7a2b6a33556459475154373534723949627a6a335564594751553751786e35392f523771585744794366664847666e3339487570395967794457326a6a503068764f5064533678426b427a745847582f3851333176634b6657494d67303753783336513331763555383644494a384f7833365333317a37714d36444949635a6a4f4f4a66363755645967794562625578494e6a69705038527165625459566b6850766c69663071542f41426d3939546e51386f76772f4666704d6e2b4d2f766f7a6f6551343433464838706b2f786e39394c4f47516163586966306d542f476633305a77796a546973542b6b5366347a2b2b6c6e444b4d4f49784835392f7744466633305a777969664373522b6b503841347a2b2b6a4d47556132496d4f2f4548786c616e6d444b5173574f2b55487663305a67796a4d702f4f7239656a4d4755694d4b385a492f4f4b65634d6f6852422b4e6a2b735066526d37425a53475845774c767845583168366761744b54326977646c78485961654a775373793242735364426531375861774f6c45733064304a5766456d41692f50782f57582b4b707a506b4f794f74462b666a2b7376766f7a506b466b4e4c772f704566313139394f3875517249546e345030695036362b2b69387551575279346d456b425a6f795351414179334a505659306574794451506a777849714d3556674e384e636b6b6b6d35472f715056554f624b534647474856365455356d47686e6d774f4e55586c4d655463624558374c644563613672523447575a6c7644454677386d626a6b587a494436324e55396946755647336349334e595652776a6439662f41444a48492f6456615253334375544f7a695a596c4934672b62576b7775656b78594373387056776c4d44537968636b47427035417a447667464751575951374f4855504e5379447a43485a772b61504e5379447a486665346451705a517a47492b3650486c6950446f4e365346396c58545670413364486d2b4277475a637a453636433339646464446c596978337749714354714f753430376461647857495a63506f57567267645a486e716b7848735232576f6952626554476939316b41705269387430597a6c36396d41596a596f4a61774f376f692b362f585a436232317362366d7546307352474d56653734322b477375664b3268304b705462663538674e6554716e796f314a734c336a334d527841473443323436333030707a686946664c38567376485758446b687156506a2b663647486b6e47327077773432475536616468367833432b2b6f6d38516b6f723376543873696f354c3338686963696f6a70384834622b6b4e66634e652f685664625763394e4e66646276357673466c6a5936666b4c68373245567646766657574d7837704e526a76782b5256476c6d315a537a386e384f6b71527959655663373545596757593374635a5a4377476f31496f68694b73366370776c46325632754b2f7874356c4f4555306d74794b505a47444c4b4246495565546d6c6b413644506663446e7a4562786531764e576a6e6956467536756c6d747853384c6536347255372b2b776b6d794d4d702f4179464f63356f793236496b333231624d525947354174723355347a78456c7573317331723632384c436167764777626975547548694f526b31475679624c6f725a676f612f416c4733432b6e4375656e697139525a34397174666471312f424e626d6a68434f675069396d515234655755524c6d47574f7a7174315a6c566777746358797547766574715571315376436d336f3776532b71546174347178457373594f56697467325442595a326c42796b74614d67493167646272714144722f4f752b6336796279786a767071745634376d4b55654c5a50447337443633696e30556e514e767532684f5777736f55583131627146544b5749577a6a7632636c3238372b356332435548775a4b6d79596378736b68565574354c394b5147787659644731743336773671585731374b375362664e614c352f597271346738324474676a63612f43553037346d5075383962565a65737263695978305a5338783256475a6859376d683155387a43794635736630614d7a43777177333030383439394c4d77734737466876695962572f43783852383464744b55744270487357487750523857395a72695a7142507338356d30346d733239533744667665615759566a4b78457463465153703875354a50433179643359414e77723271314a5269753038326c5562624364703358446a745a7965344d51505142584c506336594d714f56444f73716f475963334241684150455271573862736141544e5a794d7774356866584b704a387758323037437565674a46526c43354e6c734b56677565663765355a7a3465597832516a68304e62626a6670446a656f67376f755373774d6664476e2b596e31502f77436c585956695676756a536a38576e31442f414b6c4b7737437866644b633730694865722b786a526c41764f54484b3173564f4973736469724d636f652b672f573033326f6353633270572f6455684269494a7936494c3739386d62315643306d614c32547a5a4d6f51494a426f44593843535364626a5466576e456b477a736f386f48783958585441467845524a4755714334734162577554323934703346593975322f6949737242434a4f6d4c4b72433543746539374867742b303248477532696f32577641344a743533336c5a67384e47557963773446382b557362486d774d6942676d756a4a594d514c7151543061306c5a7539796b32506a3250477a36704f765350534c726f3875565339684742354d6176652b2f53733558533466362f4c47735745374c324c4730716f697a4c5a63796c774375553359506c49305a57595736693743326c5a314c35627578635453374c324149597847476437466a64375a7453547152612b2b7557627a4f396a524f7842506733446a4c624b62356954596a5557734c36365a764d4b2b5a7845565571546c7276707930582b6a72684b79534d692b7835337873633055456b42446e6e354a4a555a576a30425646456873534164564133363964656e484a54776b7164536f704b3371704a7070397273746e7a624d32377a5453747a4163487959784f5744434648416778584f3838576a794e45704a46766a4d32593333573675323352557846484e5045356c3631504c6c31766d2b4669497032554c624f392b7753586b6e694f626b77664d7341324b35785a69365a466850472b2f4e70354e754a316f6a694b436e44464f617571646e4857376c394f32344f4d724f4674337632477a504a37446c677a575a6754717a4d62335a6d7352657a41466d79676735623657723537306d716b34703254354c735330355874727a346e566c57356b65584f4467682b4434635a30526e35325172636d77416a4275626b32584d415031514f46652f7742437570573679752f57615756624a61362f4866765a79346c70576a735638654f77772f4b4d5271546d763343397669724e642b73445331374556325043312b46474843336a2f7743326c6c333637454b7048397a2f41443344546a344435574d6e414246694c6b36324a596a6d74446d47374e7061345a696256586f745a6255592f6e44327558473359307241366b66335038397843647059634568635669446469774a30467a6d6b75316f53664c456133414f705a72574142703453744a4a79705232743846703679344f54384665374a36364e2f61663537675461356a4f436b49646d513435637276765078443777423158344453326733565653456f78676d6b6e62564c62663835363877693733735a6c3441506c4139777247355967773449766d4863644435714c67514d766256416a6f5749506d7044442b54656d4b674a2f4f70396f55505952376e683970516d64384d47504f7143354755327470387264386f567974616d715474636c6544704876724b53314b754e2b44314f554c6d6532726831526f597746466864696f41337342636764337272327036733879476930476370634f457730454a4e6e4d53786d774a4c63345154307477476178504857734a376e524178653358357a477932347a465233413550594b6d4b4b62346e6f50496e446e4e49783667504f5431665272544b5a584e6771307244754f6d586f6e75715a36525a5558716a796a616d7a31784530736a45444c495531596a66302b6f6a637838787055344b77357a737754483741584e476d48456a75344c4735573168623955573337372b7572644f396c456856724a755778583761324e4e41506a467344754e376732336a546a32564571636f626c5272786e735234506b31693549756454444f59375842364e794f74564a7a4d4f34472f437557654d6f516e6b6c4a584e6c63302f33496f38324c6b61326951735045756c76514772727359494a2b374e4e6c6a41363555587a5273315a7232333347793967387369556e6a5462455059472b2f77424e435942327859535a6c444145627a65783364394574684a366a73566755796b3551434277487570584b4b785975363236334371754969356c77644c65464e4e414f61575643564c7544324d6657445430416c69327449756e4f7a66346a6a30673057416e5462444378445973642b4c767232336974626670627a566e4b6c44397138423362346a3232744f536f58457a356a596b6959684144316d396b4930766332715652676c647858674e79664d6d473163534c57786549736237334f67467542667437753366524f6a533478524b6e4c6d57593553596779474f4f6159454479726f77754c47325670536d757679695231583363384d4a466573374e467562324a5632396943633377716579327a4f5967465675414b4957466a7035363136696a623245526556397972323174615a32523563514a4d7779687a4736414b70313045594441466a664b47506f726f773636754c554c706236424e33334a486e2b544a4a427546736b55345974705957614944556573555472313072786242526a665561386971504b7772616169546e6734504564454266353156504531376573324a303463674f44454c59734f6261773869586f332b6941796c6a7075424f2f757261574a714c5a2f4168553178512f455971566f2b5a5577694d794351714f44324b676a4f784c64456b574639327658576453713273303775773471326b5232314d6353423852416f4a766d6a554275724c6c38724c754e794e547830726c696c4e6150593076596a326669375a76696f3358645a6c68445830467730694d77303674505456354847794339797565586f676a2b764e576a6479556958445373322b706156376c584c505a4d34353646636c756d707562363630574a5066427331465a697167467258734272612b2f7233316934586479314c516a6147784e5a535770647a696c4b77584d5a7430664846415438685266666472572b3158727a33504e703746767969775961534f54634564546c3333796b486631414c58504c326a6f6a7045387577785673557555356753574a37534d35387870553776644653396b395535474a6c68646a3837304b6f50744e62474e7838504c4f41376b6c4f6d596b4253426f436463323858724e54544e48426f73634474324c4551764a486d73687363777471426d362b7131545566716a6772535048673776695a49306b594b78733169317269317956334536577632646c4a744b4f6f7a55636e73533675596c4b75386361494c443858306d5731794e7a4e71527673742b4272707078707939576f37637462486e31616b7434723568484b783235714a4d51416d65564e7755454c71474f6a4e75422f65465a59694d6163586b62623757326130597962757774746a4b73714971346b4b724b6f746b797574774f6c6d687542594863523338523569365371536f7555736c375068717638766c392b7455306e7849655151456d4a326d38513061534e56796e533565517362676553534e39747833563159654c5647436c765a41724b56325558335a477972424754633532314a7666496f53392b506c565564327a57547659776161413043424a7353517846687063656171734674432f354a7065516e716963386541754e2f64557a324574795461725a593250643653425357724779686a784a4a33566251676947556c72577057416a326c4d424b775041303074414734657844456342375251774159324a4e726e6a5650594361496a7061613964544a4e76634252697248545167622f5a546c4253566d4a614434356e7a427a493462676378766f4c62392b366b33775348326a317878572b70736447554d316d74757631324f36394f634d79304574434c4559706d554451415a724332344d626e586a72524350414778715930377952634557414141467631514c656a58573937303346414f7857304d34314776487650554e792b465a77703557796d376b484f36366d2f562f774271316472456b35786232746d49485570497659334637623952656b395543566a3154376d4d416b7754794d6979506e49475a5162323344645579676f7130527861637657324c39384b6d6d624252743132513976576e636648733163452b49564d7166714d676d3266462f38414c72627436373962664e366a66777137497a757a506373396d524a6878497341696250625471385036395a5451307a4262476b2b505138413153587750707431314e5349446b587047735a376c725962616f7342673846442f74635564326130343162556b495364547875467230725a56613579796e316b6e4f79562b43324c626c766943694d527757553933785a482b635669397a54676556386e462b4e376c623167656f6d727037696d39443133593862445a375a51537a4a4b5641336b6d3669773842576a324d6a4279374e7849466a424d4e397949333133366144642f4b7362574e72334e5879596a45477a5735346d4c504a4b546d42754165686f75386d7775414257645a745275696f4c4e4b794b64646c3457526d2b437369454e5a6938626c324e726b357331753351433165664772563371526b2b357133685975724849374758786a795966484f4134444b4647614d4651533455674158376433596137334a567164355274325063777030306c62635670336c6b5a70437a32346b6e6472707630485a565230577064726242556e4b53666d6a434a327935637472726d746279633973317647735051364766506c3138764459643547332b3472462f73733732497a545a64654f56465038416e727076646b53304d74393166417954547846414c494a435357412f434d4c627a2b6f616948453062736b5a4537496d794d516f4973645136456275734e51315a69556b5630327970695849533475647a49654e2b44565778655a574e4a795768734a6a315257382b68336434714a624357344e7430586a49487a6c394276374b556478736f3850486266702f582f65725a4e777a43714d347157425862536634317a59622f5a5672595a4e672f77556838505561543341446a466a6f443650665459446b4e723647686a427466367656334a734a364b4c674b5453754f7775596b363034704c59543247436951346f365541453276622b757170573270556b6b37495a656d4963476f4558334a2f617338525a556c644535755a724b78417a7245374b6450316c464f566959684363734d654266345135377a556c5744596557754f742b4831303367557269796f6d32337433455452496b6b675a5752584f6748534e7762573461554e685970384a4459687238623068746e3044684e6f794e506b4c526b5a704151434c6743355377333373426d333739414c556a53554971475a58346666374273343652384b796d74534539424c5649376d44354f546e34557273436242323047343279362b4c6976526b376e48464566335138666e52774c2b52596e68385977487151316863324d4e796667746e50305236372b79744b5a4e526e747577346375486958716a587a6b5850704e616d54334c4a4255735a6a2b55736b6b324a6b6a4d524d6345446b4571625353534b4e41534c4e6f6374683174325678313237324f2f43525672385373786578493438464c4556575351524f2b6f42733649534d742b6f324862665866584e43647036485a55676e4233504f4d417a6f7759527142625542514c69344233643936375a4a50696562715862374d785555664f746830796d7a455831413751447035744b7a55344e35626a797974657856523750642b6b494a5342717a6f6862724948663074646236436c4f70434c744b53587648486e5939662b35506237334b2b2f504a4b312b35736e483646617057305a6c55643265646664456d6c2b46674a4b4655524a6454784f5a32767143506c556f624679735a324e735552594f4375705a565a6452706654753070735768554c744b5561633464534162577436714c584b736a573869756c4869484f344646466742755a574e5a314e6878334165554e6b515a67645731746271505852543159534d39694d556f7342636a747470357130535a4e676e6b2f6435515731746c49374e6579695777574f6e326664693259366d2b372b644a4d596851704779337666585555627341424a4b646749336b367159486335705259446f7a514139337433395641787858536d747958736375474a572f48754e76456a7370754c33476d694d3456723850505568635354437342665477493739336e703347584849764278795968684b6f5a56676e63426863466c6a4f57344f2b784e2b38437152456e706f4c744443525270413063776b615346326b5566696d4b4e304459366e5873714f4a584162444443634b584c6e6e382b554a7059706c48533362376b6a667733554d615230757a3257465a69564373785164495a7377766335643447683133552b775354746667496d476b6b586f4b7a434b4b37572b536973313250594b4c43445a3432575043737576504962332b535249553678706f4435364d71746356397a365853787362616c5272346161314e68584138554f6e6673724b65355332475642526c4f516d462f434d777377415864774f7672583056337433527970575a5266644f6b3641586957554875584d332b59566b7a52626d5532483059795438346e7741743744576b4e694b6d356f384639316741415068434141504a6c763643673964646a6f636d59356c6374635038416458776e796f735176614168483277665255764479486d5265624c3551773431576545745a53464f59574e3758336549727a735a4677736d656867746273796e4c6e4874486b43753475474442547151536f793242472f585476726b70517539547272564c51304d6c7358617350776d4d5064426e573559437936377a726f4b36757263746d634f644c5531664b7661664e49544a49704c6a4c61344a59472f534142754262532f48786f6a68386b62635346567a7930324c4c596d4f694f46772f4e726d554135694c655838712b595838713534626858442f4c703148556e5556372b7a71767863764563363669306b2b383257774169344a5448624b79795343323438347a53584675424c5838613636454a78704a5433534a6b30356148686e4c72485832684f752f4b593141482b37556e306b316f74456157625a5859486169784d32594d6271527062532f587232634b56727134355261646d5a3648654f38656a5774435430546b4c4462427a45386351414f374a3778574e557147355663744e4f6248307a3572652b7067557a476b627136434338354c2b553536674436475073715a43595739535542593439412f3178706f52555a623151424744674453497047686446384377423364394a757941394d2f737073717939475547777a644f545133573447703446764e353838336238506f4c50324654742f6b706846684c5955755a73344156697842572b72617238327874666a564a396f5a305a6c7554387136746f52727550437175467752786e4b7175386b656e5432315137437343725a626d326e48513348563431726d7a52754a717a73636b42645847664c6c4f594c6c59357a753367615737644e617964686e4243526f4c7341703851522f377154416e3258733263794d305149793974756934494937526c754462305653314a62444939694d436379534c594e787a58364a366b41394e44513878586e447275426b46744e597872353550554b535158484745454d4f6349472b7a4b6258767649584e774c656674707442636c696d6549644364563579496f326a644e4337584771626a623055724a674c694d61544648474350696739694c2f41436d4c636571394d566a3668776d736148395666554b676b723970794d4a4c4471465a7a334c6a735163354a314c366666575937465679456c42777a4f54766468633967466475794f642b305a586c6a74414362537846323339675654627855314a6474544f7a346b4d6a4141426970413743526f66505469374d4848517a44624c6c487962397846656773525466453533546b676554444f75395748654457735a78657a4a63576a59636e6746777347374e4a694d33374b6b4b336f51316a57746578634c7259306b757756654e704a47496b657a425238686436394872494a4f76574f322f48566847636246336b75343835786549654f526b5a596d797352646f596962634463726664626a5856436a42785669484f536469423859703377516e7544722f414f6d34486f7076447844725a456b6550514b5645624b7033684a70414433687377506a533947354d665738305755584c50477852434b50454f736171455653497a6c51437972637077466856796f553148596c564a4f5255595a4a70356d6b497a794d43785a744178734276417465773361563574534e335a486453715a665759754c7763675a304b6b65536274314c6358754f467a364b694d6371314b715455705851456d4773665054755162586b37744b4f4c434244664e6e5a694234325070724b65705556784b666c4a4d4a32517143416f59616e72743148736f686f4e6c45324674774661334a735434494d704a585334494f673469335832306d41727178337366505142433846416867687033414b3262463862476570673331546d396c544a364d63647a65787554784652597775563232774445345a736f3075774637616a573366546a754e626d5a6e6e7444446c6e64324b735a467a73637247316c7432445476423636334c497470523464582f326470475377494c41717762585431616a72715757414e4b574e7a716533734676565769396b6c376d68354a5249383257525a69436849454b42327a416a5778566a594174343271473267736d43386f5968444f796f4a41445a766a67556255613358545334497661326c5374647832444e6a7377776b2b49765946316757337a386a4f53443243336e7130744c6b4e2b7459674c54514e4757636b4f6f61313250525963517733396f76333072574b305a4f5970704d484c69444932565a46694333302b53664a74726f33574b5a5047774c7376426339464c4a64674977433968634b7076593974797261646c4b55703845577376466e5954597078434951345655586d37324a7563377465773343784738386177713131547372476b4b546c657857597641744649554f7468636c64526c4f3433346457764774595355343352456f754c737a366e32612f784d582b3754374970324d5374327a4a385a2b79506257636c71576e6f447069744e6652576252524375794972454a6d54754a436e4d4f466a32634b373342484c6d614d396a4f536174754f6f3862413637742b707636616a713057716e4d704d5679656b512b5347485a377439546c614e564b44426d6979364d68552f7742646449724a794933413678342f7a706b5a5767475a6b7a71756132584d624b336b36646830336e30305a355a6c71556f7249394e53317757316d653779794673774e737172764a305044674c587155394e64785469723257794d396a3969764a497a3578306a65316a70314339363634596c5253566a4630627539774a2b543076444b66452b367446696f45645449684f784a782b4c76334556704845552b5a4c70534970746d7a572f4274357163363048485268476e4a5059764d4e684655416835415142754f5868335872793232336336306b6a7049464f75584d65746d4c6573314e6d79726f5a7a5a4735514f34555a425a67684d4a305154766f6143344869344e643143514e6770772f5a5473467838634e72305746635930516f734f34786f614c42636a2b44555743354e684d505a723953763968716964374651334e4e6e316f4f55433235646f4848574236776161334c6939544759644370333667673669745561737575555a6d3530382f456b637468634941716c6477624b4c334a4950537677715863726a794b46434c6d347554757175416939354c3245775a6d6e6a554b6276434357572b376372614875715a4c5156794c6c6a4b6a5441704e4c4d4d6f47615a534747704e7456476d742f326a52464459544469314f79316976306c785473522f6367412f76566641693372442b563231593532772f4e47367834614b4d3645576463397830674c3778714e4f326f52514f4e726b594e384d6f736a53724c714c6d2b514b627547476c3146686c50663130435349396962594d4f4878454951483451714b577551567946694e4f4e38786f754a725734587943783863574c6a61557149794a465973624141686d4679663167766e7078646d4b6175684f545955346a4571656b72596163612f4b36536d2f694c2b656e483268543239353944374b613845523634347a2b364b6c456c64746b2f4766736a316d7335376d6b6467417455444d566765564d694171575a5641554b4d6f4e674f476f72717a32526934584a5a64724935767a687a6132494142462b475a646263616873704b7863624132367a4d5935536a4c726c612f534675752b2f717676396456476642696c42626f767a686f354f6a5945643438316a6572305a46326747626b744331394150452b7970796f74565a464a6a7552454b37697133333334333338415455754b4c565a3855414e7965574d5753515748414b626565394b794b367850644561344b526432552b62335569727759747042766a42377638417651466f7669635a37623479503637714136766b784269453669504433556736755278654d3779504e373651736b755133345043322f4c3578544a615977374c6a4f3754755038414f6751725943777347506a7251414a4e73356a755965496f7546694134422b70665052634c4554595a6838672b47744f364378412b487476444476426f754245304136782f5866514961635051412b434b785932334b66547037616d6175724652646e634c78324a4b534f67467772736f5057464a47766d705231535a6d34576468736d4b4d73627152626f73312f6f41634f322b2f73343842757a38436f77346d597869644a6269347457694b4a6472387a7a6e78556b6b695a525a7041774933394778367662534c34376c62476d6850674b6478476a354734376d706a66455334634d7473795268376b45644571564f6c726d34367154454463723245754a4c69637a5856656d795a43534261785873414774536d554462476846705659725a6c486c627269396a6f5165504130376b737445354b34687245595a794f744873504d366b2b6d744d6a35456459755948697467796f4f6c4269562f75382f7047576c6c5938794b35734b4646697a4b6571534e6c2b7a6d704e4658476a4436437a6f6233346b635438384c525956796641546d466d65366d3862706f366b394c73556e6a54576d6f50552b6b655430676243596367337642456633466f526d43375a3873665248724e5a7a334c6a7341566d55662f5a, '29704-053', 'centro', 'frederico', '527');
INSERT INTO `lojas` (`idlojas`, `nomeLoja`, `telefoneLoja`, `emailLoja`, `lojaCriadoEm`, `cidade_idCidade`, `representante_id`, `fotoLoja`, `cep`, `bairro`, `logradouro`, `numero`) VALUES
(63, 'loja4', '13998125660', 'cesar@gmail.com', '2025-11-27 03:16:03', 1, 101, 0x646174613a696d6167652f6a7065673b6261736536342c2f396a2f34414151536b5a4a5267414241514141415141424141442f3277434541416b4742784d544568555345784d564668555847423059467867584678676146786758467830584678635946786764485367674742736c48525958495445684a536b724c6934754742387a4f444d744e7967744c69734243676f4b4467304f477841514769386c494359744c5330744c5441744c5330744c5373764c5441744c7930744b7930744c5338744c5338744c5441744c5330744c5330744c5330744c5330744c5330744c5330744c662f4141424549414c634245774d4249674143455145444551482f7841416341414142425145424151414141414141414141414141414641674d454267634141516a2f7841424b45414143415149454167594842416346426763424151414241684541417751534954454651515969555746786b5163544d6f47687363456a5574487746444e43596e4b436b714b79777548784652596b55394c545130527a67354f6a346a51582f38514147774541417745424151454241414141414141414141414141414543417751464267662f78414179455141434167454441674d4742515542415141414141414141514952417751534954465245794a42464747526f6248774258474277644579516c4c6838534d6b2f396f4144414d42414149524178454150774333385234616f58716f326d354e41726d487131343369444e49457832554875575a723338475353586d5044314549742b554374617146694f455737684d6f4a625352704d2f4c574e653672436350546d4377633346385a3874667056356e6a6c4237316447574b4d3479573139544f4f4e384b43585752546f6843366a4c42324f33374d38394a6e61695852506f3136793239344f5338676c4e704145526d6e3972726a7843363655663657384b754b774e7345687a45444c7353435a36733767626b6a5565464f39446c7532726873584c5a6b714a504e596769596b52316835313868474333553066514962344e774437646b624f69355159424d523153465049366c7555487a6f357758674e79323564377377777936627150766435454752454563364f496c4f5630654647716f6444686568504675445772386d344353554b544a32332b6445545354576a5366556f7a767048774a32754a6877684e754a544a494261447138395176414f6f6a51747054504165476f476644757576506b4a414267695a6b61363166654a634f5738464446686c594d494d616a61613874384a736773516b4669535343647a76485a575750456f545439444f5557315341533948374a556a496f41453641445852646533657076436345396c7779475359516b7952427972745056454b4e75796971634f416d474f6f3536387733302b4e5362474849496d4e444e6462574b54746f79327a51376478626f63726f726a655630306b6a32547a303761594633447642494b453766736e665862537046354a616633592b4a2f47764d4867314f68372f69616e773474636c573748735062596578656e54544f4d344733595154353836716e5339792b42395938466e754334596e4b423743685a3551562b4a7178584d45692b73584b43704336454169657472486c56443664346f3366305441577a48725347654f5675336f5041546e622f414e756f716e534c394337344b335a6532685734554a566444744a4137644b6b2f6f74354e55495966756d50687361444b74735777415774674541613574686f4e494d64394f324463436b3233444752374a6a534479306b2b6445744f3439482b332b766d5370706864654c75756c78504d523864716e5966696c74756348762f4767316a696c364347554e455347454857664473504b7050444c747135636b57737241623875577837666457645469365a616166514d33374b4f4d727172447359416a794e417364304f77317a565131732f7548542b6b79504b4b6b596a42334d374e626666574a4d313476454c7165326b393852385270384b30687170596e7732766f5450464366384155724d65366638415279355a75516f395a316c554d424772416c566a5754453974557a3947754b707a576879636455794a42416b3839474272365875597577785734796e4e624a5a64394351515349303259366d734a366563535845347033566656327a4d674e475a6c50574d3753514e794b35705a5a4f54626162597644555653416643377064444a427969464233353876654e616d46673574497a674b7346334d41444c6d684e6449367167393952724674555a5170494f515a77415950667164642f41637167597632694f552b34543961787062754231592f6a754a726355717148573464524d5a4165726f655a33376a5062556a4259354167736d4163784f647441522f31456d4e5a483047324c5567514472744131377a334370566a374d4871426d3079794a496252706a6e374d62365a6a543252666c4c36456c7a366b74636530306e4d76565a54494756675341505a4f6d3535304a66466c32596b48494141464f334c54546159313764506359784f4b4e3474643141414163424936354c5157436e6566656442554a32305a4372686c3633574236696d50616e6d5a5544586c747257376853387635666f51684669326a4b30746c593643564461626b4859694e4e6474366c59717a36306a496f4571446349454b705756304757564543645472767970686265574358475961674455524768326747516650587652694d5157635159303957446e4d41534e4a4a676a6663632f436f366350372b2f6f5651545468324d5941706853796a51466259414f58716e6c7649313735723270654578562b30696f4c5a5951474465724f7566723831313972666e765856304b6566305446744e2b783342566b734e416478324875377167584f456a6b3377717859584542784233356a74377854654a584c727972707836695664544c4a676a324b6e6677444c754b56772b7a316965775564764b47453145395646625a4e51336a615a6c44416c4e4e435972794b564664586e326474436136613972796977504a72796c5677696e59485258415573437651744d4c50414b5744586b563754437859616c423432707161394e4144654a636d65306a35542b4e55666f37776d39667865497864784373525a737134494f525142494247786747653132713775744f3256696e4630374531616f466e687a6c4370574f734433624e7435696d327752577a6342306b6f523773772b7447726d4b41375433436f74374767694753523472573374506f7a4c775636412f68756272444d534942314d396f4f2f6950495555344d347a4e476b52386333345645743461793068533174694969653848535a6e626b61587762686a3258646d75427777574e4949793574395439366f6c4b4d7568555974645358784b33313877336a635450506d4b516d4d75416b546d48654a486d4e5a38545863557546537241453662396c514c654b5831796a54566c6e2b6150786f574653566f546e544a317269466c356c6370494d6c65514f6850496a666c32316b5054586856744d63335659326941514541424f6d6f7a4d414a4d3764386374644c39654d3045416d43444931303633744458396e34437137307134594c794e64554d58573441637a6b674267414d6f456154416a586e767a34395670336a38365833392b35446a50635a666a626c7a4d414442494578754e6942504d7879386159784f555a6b69534e75636b382b7754527a694f437557534c6c78516f754c70714a796143644e594d48586e426f426954424d416462593747424230374276353179784b467370494a55356d6d4e4e674e49696459705253345546776a51474a414d676944426a786e7431377136774f726d425948556e5742714d345065594d2b4e54665875396d47494371374e7551325968515173366b4744326d51652b725469756f776862346463776d527977463234724f326f6859425942354a4445526d3859427176333248584d4168676453413547353972636b64704f774f39544d54646451694871774957594d365159354152506a724f357146673769544e785177504c4e486a71434f5878494657386a613434516c454a59684d506451734c5755694f6f74786d4a6b4b703062574d7842476f2f6130366f4c524c31706d4a754c43433279726c6b5a6765764541626b5a6465513037524b62717347575244454b6464435a414959524d7947304e4c78654b5a5156795178496a334b564f76594679694b68354a5067704a44324775414b416370496e5831716a6d655231727147437a47685573526f53446f54335637576267373966694d2b6b734e78454e635a54436b4f5262594852774359672f6541476f2b68456e4c4e304f437244586d4f5248614b7a766834396b4e2b307a4f303969435a3751526c657244776a6965624b72466a4a6848414d67386c62763331324d48764139584a68654e33486f54444970716d547361426261415432314265325363774a452b50342f5370484537544635594754477730304555704c656c4757555a5156506b6a4847555a4f317752516a6a6e38767772304f335a385038366c5a6169584d53526443473277553643354b355a69514e3545366a574e52336975656a617851756e6d506e2b464c463064682b483430376c72794b4f5238445a63654869434b5a664471786d523844556e494b3956614f76554f6e51697268794e6d506d61595448366b5a74515344704f6f304f30555469736d78575056386264554b5157784a7435757275716e7261414e417a647050685579746442726e71616661786b366148774f766c5477784135672f4f7133304847593347467a4f75565648367a51674364484a6964447037354f744d3866783135635536576f50565454712b325967543678534a42384f2f6c54337953734e71626f7467764c32783436664f6c6a75716c59546a31307346794567746c6c63354145675a6a4b455272766d6a76717863627853324172454872456a51456e514675516e6b6161794f724534496d5968473355783566576b4c636564596a77502b6c442b4863625334366f704d6e6c724d434a3059417871504f6a6c31776f6b36436e46377555784e56774e4a6270794b38533670325948774970635671496958384b44335572435879446b62334836476e794b597632703147395331366f436572556c384f6a4757525365324e6650656f435969344e314238782b497165725534793743614939336731746d7a4173703150614a5a575536482b49306e6833435462647953724b2b58534e65726d426b626248746f677255347256626d32715a4f314a6c533655644172654a6c72622b71624a6c57414d6f3138346959413531564f6d76514e72646866554958615331777171685159676b457979674359457875547246613244536239734d70567456496737376339717838474e63495a3877346847554658414547414947366e73356a345232363074526d627342316b4b49457930514f556a3352377150644c734370766b693074744378674b7a4d516f6b444d78306b3651425075304e43624e6b754c70643945414931495a6953466e4e3279563330314f6f726a63583051575275494b75683030535a6e7630676a38363144777467535156494f58514577564a4b77514936306a51654d38745437634776357a43737157324c74396b7a47304357454651764d6736534163326b36304766445a476132595a52755662713568494242352f77435a32704b4c6a455930312b4e7964496737676139764c3852544a55777a4b503369644a4f6f4537392f4b706c39416f796b6735655247356b536f494a7a4144746744766f6b324155494c6f624947755a464952733542436d436b6c464b6b734955614866584c56526879414e772b4c554b4236697766466e2f414f355855692f6d56697041302b39616b2b4a6d443567563155342b3735425a394d385934474c6d61346d6c7a49562f644f615a384442627a6f50306677624c695656675155746b6e766b795048556e797179574d6279625435564c67457a704f303133777a3347695a5936646c58394a64324d43343575794b5050502f68724937574c7572374e78312f686468386a576c656c6645526173322f764d7a663067442f48575947754c4b2f4d642b42655149572b6b574c5862455850656333393661662f414e384d586c4b7463444139714c38436f4545627a516357726a4d4552537a6b5441354474505950477256304f364e4b39323561786941733975624d4d5955676b584a4b6e32686d746b62374e57437972647333636e646c3062783476466d6c2b5872384348672b6e754a51425857336367526d594d484d637951596e335552732b6b54373248393633506f552b74554d6c6b5932376f68304a522b356c4d4d4e4f38476c6b5658695358715a5a4e496f507a4c7279766575364e48732b6b44444832726435666370483936666855367a307a7754623353763856742f6d415257566976534b666a534d6e706f4d324f7a78334374374f4a736e754c714435457a564b7766524d4e654e354d53484b33377275416f4d73344169512b6b6148593731554d7465716733702b4d2b78507371376d72644575474e686c5a58494a5a7047554e74436a57523347676e472b46586e34697435625a613336793263774b36425262424a45794e6d356371714e6e694635665a76584233433430655578552b78306e786937586965356772664d552f474a656c666f7837674f46764a65496533645266567a444936724a434537694a6b6e3431622f5350654b3464474757665752316c5668425635305945565762585466456a64625466794548344e55682b6d67635a6232475231374d306a795a534b705a593152443038377338364e586d474e5a49554b4c2b55516f48565a622b6d6d6b665a4a3556624f6e46334a67376a77546c613264496d5057494f5950622f70565458704c68413464634f794f58425a7746425741347a6a4c3762444f5242303678504b4356763841476344657770777234713651596c3767693459594f4a5957386d68414732773939584763616f7a6c696d6e30412f52546947664568517a6b4a644e75477a48624d676153352f61734e792f6135633742306f346c6374583452776f467058594764737a71544d674459632b526f587766686d4574585464745974474a7565734b737945367539776761727a636970765376417469574c5772747342724a746c533272487246534d6f4d77573861613231535a4c556b375a4c364d385875586e687975584c49676779644a326d496e744e6469756c4b32376a5732517972465245613635527354387147394473486674584d743147415576316a374a56776d544c4d45366874496b6154464d38545339362b353158613263516848564c4c3673715330614742494731506c5234597256386f7564322f46763168674341544f776d4f6676707644635344474649593736646e78704845442f776a6d41597445775a4136717a72424247336251586f746274692b3551636c6768737759584661354d37377a7a4e564b3756453855576d316a4165522b422b5653557672322b656e7a7169597134505746567633466d3831724b796b3959465a68733568646444416f3578692f6353336265325548554a624d5175325141795755626d4e6530556c4e386a70466b5530756146385057625373386876326f3751534f583071656c35547a3839506e57695a4a467833434c4e306a316954426d4a49424f757241455a747a7649314e556c63425939656d746b41484936584643356c6b676754476b45316f67716964497241396463574e4a6e2b6f427672536c6c384e576c314c7836645a6e5462564630783970526175465658724b5a3179687571527177476d6d6b316c6d4e3644742b6a7562467346744137334339736e4c4762497245536f6a4e6d594766326532726c78626a3179316837624b777a4f6f69414f7149473038796450636536716e697550333769684c7969366e4d474449356736445454744e513552613544597a504d6267446273717a6e3752765a7442546f49674d7a514e4947335063314e77764473526677747934626965717371574f5973307334414371494b687452703154724a354561645a3656595230467139594b4b4643676e72514242454d32756856547564514e366764492f55666f5274574c7059746556383568574461435779686332765058636b314732505779614d6b754a6d4d395562614c6f4e42476741676546645678774842624a7471665735744e32564662774b744a30323133696136732f446b2b66342f6b56477234506a47697265584b7847346767784f7847683045386a72745269786349315179507a703365465531377a4b592f5a53306b7164564a4b4b434350346e2b46584c67696f6d47516b4b693563786b364c4f7535507a4e643258416f3872372b2f3146444933775a76365337774f4b413139674d5165524f6b44334b703939564a424a416f35302b784b766a72785579426c41494d69416937652b61723674426b623135302f55395854745263572b6e426265686d427469347564554f65325769355a652b437975566b51514c5a555a6457426e316d6b515a752f423052635463434a59566656715a73726c6c69576b584248564d4259676d51476e5a61792f68585352734e6557356c4c4941774b68325139664c505747384641594969724e5a394a567063372b7175737a4251455a684179356a375948504e744232333130654b536a436d2b2f314f6e57364c555a733779593475536c796d7566303931644154365362434d3932386f452b76435439374c6243762f617478376965645537444d536f715878726a4e7a464d5a30475a6d6762426e4a4a4a384a674473486953315a745a5241724343664c667133384471314b384c426977792f716a642b745836486c6530354665464f36716f34524e65306f4375696b4236746578584b507a464c432b46495a30556c7a464c793144346f3546746f6b6d4930313330716f5233535565354d33746932436250454c7a46697057424f34457875507770646a6a4c734141674a676b78493035564477747749684951357a70727a6e753871587779356b4677486343652f535a2b6c65376c7777716255467856656c2b6a664856636f386e486c6e635535506d372b76722b524a586a76626250755038416c557a42635256705a53564b377a6f523367696744694c5339724d543561556f58414c5a31367a6d4434442f4146705a4e46696b76497164313166666e364d496172496e356e66462f66794c5a684f6b4e3069557633657a323247766e527a677648735463757061396363724d417a7462446841644d7a615448664d565165452b776634767772536652697474786553464e30715745714759657249676a374e6a45734e694e7538523565614f7a4d3861376e767653592f5949367032323179754f743166546f6854644a6352625a3756314563717a4b51796b5a534352414149486753435935302f67756c696f5a47475254326f514a6a616572336e6e7a714c36557348474d396173444d716c6f4f3579364539384c486742323156634778396b6e6c2b666e5763737255714848384a6a50532b304a2b6c31392f71586f63617756776b7662756f786631684949627237543758306f6878446a6d4576577861396179364d6f4a51374d4f657733414f2f4b732f464f436e34736b6563394e426d73634c346d725146753464684a7a66616a5042473441357a795062767071615730447241506857482b726e6c54316b6c665a5a6c384448797131714f3649656a374d32653562526479463938477170306a43353164577a4b364167377a754e2b64564c446362784e6f5262764f423479504a7046536248484c31393476766d685442797144754e3441705a4d735a5234526544424b475332795a78792f4e697a2b3731543575525075496f42363855537837665a5868764371772f6c6258344771694f4b4c33382f6852486c4a6d5762797a6144687656486451655148686f5435554d50456c4d414866587a317277346f30364d72734a5763796a4b7245416244343131445058487472716e616964714e70346a3061632b735a47424c386a70416d596e33436758704875646243345535676a4c71415944624268342b7950426a576734544543346f635442376537537172303366443363746e454b756a42677a474346444c3677413652493033374f7975334d3553573168704a52685064364e506e746672387a492b4e4f467658414e73354862727a2b4d3031614d696130542f41485377546952624d636f75504839366e463648595544514f50357a3961346e4632646669784d3743313462415037495075725250397a384c39352f36682b464a505176442f38414d752b6166394e5253667157733233705a6e777441636835563645712f486f525a3558626e396e384b542f754e6235586e2f7048343062572b67654c456f6d58382f6b313456712b322b67536b2f38413942482f414c662f414f715566523132596b662f4142662f414c6f32534834304f35514176352f49705146534f6d4e6b59432b4c444831684e73584d7741574d786459676b2f632b4e41783067742f63622b7a2b4e62523057655374522b68507465464f6e494c714b5646436c342f622b362f6b7634314a586a4e7141596658752f7a71586f7451763747557456686639794a68464e584c632f6b30676354746e6d33394a704234725a2b386636572f436f396c7a2f345034467255597638414e664562764a6c312b6c49416e63622f414a327035385a5a63455a7837315079696d6955355842747a6e65493370725454726d4c542f4a6d7131736658624a652b722b4b61667a473274716431476e614b3974384c5743366f49484d52705875564e507446306e6e322b2b6c3230584c43334637396466475a6e654b7277386934742f422f66384130627a61575858487a37704c39302f714d577349713644537047483672683169522f70534459424d2b73455439376c727038764b6c725961414134324d36382b576e4c577335516b33626650366d386454686a464b4f2b6c3056716c665566784f4c5a3344735a4942303339726e764d36436d4d5061624e504b41504b6461556d4866594552472b2b732f36564f74324b69554e76715574624c613477756e31747039654f79454b4b6356445467733073574b566e4a516c516164705332615836716978304d334b397744666144766b66436e54627075326b4f703778526641317730776f715a69792f667475766d732f537337352b382f4552576c494d726f3359362f45355438367a7a69574843586269776571336239316a33567467666c4f4838516a5753794d75342f4f787930535461683131642b346e3554383649574470576b6a6b674f69335855344b366c52566e30507779336c74494f37333636362b6456376a2f426e754f584b41714164546c4f6b6b37452b46434c584863527a636e78412b6c45734430674e3633316330546c4d36547244637a707161326e6d54647369474e785649673462426d3254424d474f722b7970456b6b44744a4d6d7033374a384b5a782b4a6453417469356437536b6154794d6b654e5172764634454e626444456b4e414931493138703934726a3175614f4c444a74395530767a6f364d45584f616f6c68497055307a2b6d6f51446d416e7449707862696e3970664d562b6579673736487274397864645354655437792b5972686458624d736e6255564f7958596d305465472b33376a394b4c4c5133686c73686a496a536967466663666763662f6a693336742f55387a56502f774244457653384163636444706151542f556672514b78306674674b3979367979464d5a4a45734159304d38364d656c5338546a72346e525262482f7742614836304d347a6959624a324f522f5231612b6f795a5a34734d4e72717a7a6f776a4f6372517465413244714c2f77443962666a5470344262306a454c37376238365267376d6d5978413242325936616545616e336474506d2f4a6b6d5354377954584a37626d2f792b6873734750734d2f774377416638417a4e7365435850714b534f6a4b6a2f7a43482b5678526442466e4f527a2b753152327849504c3355766263336635496673384f784d344636504878534d365830554b5931566a4f2f6549326f672f6f6d76637354622f6f5966577266364e6d2f345a6a327438707131315874656276386b4c7759646a48323945324a2f7743665a386e2f4141704b2b696646442f78724239376a2f4457776b306b7452375a6d372f4950426759366652566a4f567a446e2b61352f7742756d37766f7378782f6177332f414d6c7a2f7431717644654b473435516949452f6e746f6c4e5a366638556e6d6a75672f6430496a6a787a58426a2b4439472b4e5257557068587a454857343268456a543750762f414475494f4d364a3475303544596130325942686b7547414a694e5967366368705733545765656b3746354c2b48554f366c3762784445447145456b77657871316573796465506e2f492f416756466543346a4e4a776d6b45454337457a73644e6f3874613743634278516a4e68574d5272363967544863444775744b77324b4a457669626b386f7573506b616759766964344e316354656a2f31583766476c375a4e3855766e2f414356344b377359346c6a53747a315146793236367350574f326e797148643468643346782f366a55626a7a4d4d576a4d536379515a4a4d6e72622b5972304e4f6c6572706f527951556d6b636d53556f74704e6a716354762f38414d62344836556d3378612f50746b2b35645068563339482f4141473164526d65446e55327a4957567a2b79566b7a494f556941646434716c394975476e445968725876422f5035326f302b625335386a782b47765775467a5855327a344e526768753852767061743858302f333732614d2b74734f4f61686835534b715053764158546962724c61754d7261356c747556314375657342484f724a77532f6d77746e2f3031486b4950797174394d2b50597578366f57376757316b55786c746e375872497a645a43665a67622f4b766d3845617953683262505731373351684e2b712b2f71563237655545676d43434a426b454553474242324932493771495948325234664b713366767463593358615875457378674357614354414147704a6f377779354b2f6e787273793431464a6f3876484b3230776b414b367641613673614e624c387067456e6c7235555336506866566851755567676b416b6a554668424a4a493861697068794c624d644e504c766f356838506b7432684561413662614c456647736e7a4a477134544a517371645341543443673353486874706b324b737a4b67494a356e614e7467663874364c4236673857346d4c4a746e5353786a4d4e4e464a504d52707a703534526c487a4c7037724443354b53534d7336645747526b5269544343444d3773547233363153754b7a4b674537647048794e586230685935726d496934776b7842433552714130524a32476d39556a4931363874745659737841414131504d78506344527031555651395132357578674b66764e2f55667871786444564c593344435a2b3042386376572b6c484d44306353346f4a736c4e4f31494f6b466831353764616c635034514c474e777056636a4d7a6b5151657174747953467a486d796a3378576b354c613737475556356b6133773232367377655a37442b4e45676146634b764d2b5a6d624d66434e755555536d6f774a62465265567663374d43394a4e2b636669687a7a71504a45483070726932424b3469376d5948727352412b385377486c506c534f6d497a385278426b4763515635386a6c2b6c47654a384d75336272736251796b7a4a754d7038687930694e4e2f503074617638417a7870647632527936642b615639774b694851457832434f3266774e503468516a45456e654e4f2f76696f74713762584533454d355675735936376b4c626b5149494a6b7a2b304e68727544473470696674686e2b30444e6f5774355a6251774c5a49327a6a66376f31727a617448592f562b68656b7441344b326769584b6b51327042596374343133384b70467a694364614732614e54416e5854655a30717a59724d6e444d4c69426c79726152645645797a4a42416949416b7834646c556a423866786471526834736c6a4c4653437a54326c6759353752765234642b6f6e4b756874336f67784966416b677a31322b5a71377a5642394565506537685865365a63334f7353647a346d727a3630646f72536a4e44744a7562476d44653677414f2f5a464c753748553755625232414f43434c2b2b364435663665645753614238497770475736576b4646675364395a303566355557395a334776503841773244686a616666396b5a59593145656d7334394b7475626d454a396d58566879494a7461455341644a35477442396233483456512f537259754e627737326b7a4d7437585652436b53544a2f68476c64387568764237585a55505732694755514d6a6c43494131485a335152554c69393551464147736178754b6a343532532f66415547626766553971703364315237726c6f4a41426a59476532734d306e474e6f696261514e3435664c765a636a6d522f642f45306f335970726a5136716e7363664a7677714f7a397466532f684539326d54663379655a714739786f6e6f38365657374961316330413145486655465447594178373437444e414f6e66463078474a5a3048563551666837674b71704e63577138576868697a65496e33706472366e526c317a7934746a6a79306b3366564c70783334567330666f7069662b4554583253772f74452f49696766545044766452436742797463556a5764537270456478616d75692b4a50716d57646d6e7a412f4370463347414f317535415638706b784149695472335a68587a2b5750683675646433382f2b6e71546b736d6a783332532b482f4372344c6831306f426c672f76454454556262396e4b6a7644634356585858776d504d2b36703343726c73484f39764e6255526f596c6d4a796954374f703561364372783061344462784b6d36634b73417743312b2b4e42755a7a536461326c4a79573034456b6e5a52546248356975725430364e34516952685550666e764855614858316e624e64556253792f33724b7370566c4255376a6b6564562f704178555767424236784937505a3744516647656b416e53785a6a736134663843372b64513850784f2f664a6138306b6143464367646f41333836556d6d4e4a6f6e4c6562756f44306f5a484e7531633568325567695a414338343136303666646f2b4e71423852765962313670694c6563354a54626d304562677a49583869737369754c356f32786631726979683861346262653652646c776841456e7330314137674e4b6e34446775485568726473497732494c534e4e5949594566363145346b633132454230367665594a316e6d66776f706773504c726c4d7a70747a6b6c7376684a42302b56634c5436626a756858586145546256464c4f574f5874647a35533164776c4c5433575a5655736d674f585748694959616954506a416f6a66774764637049314f6f6a76356b3037777534746939396e614541456d49416b454154472b38317a78762b35733179562f616c38437963434557394947703548366d696759397677714877362b5855755271786d4b6c4131362b4a65525565564e2b5a6d4263647641596e45735143665833576d4e66316a47744b6669654646686d58455832566c79676f6a46596651444c6f704c544776627935593978664546385464333631316835756130652f303634656c735964626a75436f5471495a6d416f674f6f43776464363954563862546b776337696b3444426a3949612f4f6a5a39442b2b326266587432715a785443433631746d6256474a4565375479417171334f4d585378796b4b4a4d516f6b43644e353555657731757939736573784c356a7153474b78504c4c7351504f764b6b704a70746e6246376b3067766a38613336476d4649515731436953534736704563343556525463797442304d787270355476536361715a7946624d4a304a33493555396862643461657065366e3354625a6837694270576b636271374d355470315272336f6366374a2f452f4d566f784e5a33364c5853326a356b395149396d354378714f3272752f4672482f414455397a412f4b6967736b4d657376762b52707935736145582b4f57415163354d486b72666854647a705459484b3466425239574641686a6762674f73626b454873306e384b734961715a67754b32376241777869596b686435385a3371566436564d4e72612b3969666f4b344e446879596f795754316b327679346f7a784a78547675576d6170337051492f52556d4a3961434a4d443258472f4c6575667052653542422f4b542f696f4a78374876694c667137734d6b67355945534e6a3231334f4e6d75346f4f4b76334c596b573079396f63483462303361782b654a74754f3964523552566a58435731396c4548676f72726c76766f654e4e5579573741484673466d735a6b7a4d6377367552673350587633506e51744d46634930527649316372574575506f697333674a2b56547250525446756631442f7741384a2f6569753353366a326547794a686b7737335a517877653865514869792f516b3036764172683364422f5566384d5670646e6f5066413678744a2f45302f335161652f336477616672736367504e564b44346c69666857723138784c54496f58444d41624962725344423269496e744e577a68665366684e68526d4f6434367a47327a534f5942554849444733634a6d7534706434666242466e5064626d546d4939304241617a4c375778655a374b454b5a4771417770494a47557a74416a586c584a4b536c4e7a6655327553696f587766515042656e58436e41533251756d5942724c4950355379674d6465325472557935303577467335513671596b614246504c3274683462313835587356694c7a546b627368454957415364514e4a3133715468384e6335323348697451322f51465871624c69665354685178417667647968697666424345487a72717a4c4438434255484f3233336566506d4b366f332b387661586a442b736632453037646c486978304648634468736f497a426a75534a6959476d74504a67586255744a3732506c746f50436766464f4a33634f7a49465538775a506453513257546c56503651326264792f6b6252676f316b4177784f336245664539707144643657582f33422f4b66786f66653470635a737866587541714d796b342b587158686e474d726b52475336626a52494d7a6d594536387648577057417739784370572f6c4b79526c524271546d4a4d6a556b363631445665516e7a71516c736e745069616d4f4a4970356d4666307135706d785633716d522b714242313567547a324e544f436c43376c72786e4b42396f544544737938394150436742534f5939314c533465366c4c4463615848364173725473306a436449735061514b587a456664566a38597231756d466e6b74302b346639565a79626d6d6c4b6138664b746f716f70474d6d323749502b374c4276574e6355484e6d674b547a6e6552555a6569566c4348396137454548544b42494d6a6b6579697234686a54746d31646652555a7634564a2b5661354d737075354d55596256534275483650345a64304c654c503859496f6a627757485561596533506156552f4d4770316a6f356a4832735866656841387a464562485150484e76624339374f6e304a4e546244616752627671505a55447730705178633638367375473947324950743362536a754c4d664b41506a525378364d37593976454d65334b67487a4a6f706878334b494d55653334567959676a6d617639376f6e77327a7064784454324e64514879437a556472664230304575664336332b5270565163464b2f537a47316532697a474170593967424e5856654f344b332b7077594a35466b5166326d4a4938713962707265694c646930673779572b43686142386469743462676d4b6661786439366b447a4d55557439447361773156552f696466384d302f6436573478746a615876564a50396f6d6f562f6a4f4c63646645334e6675516e6b55414e4841724a39766f426569627549746f4f305a6d2b6555556c2b6a6e44376636334768694e7772494435414d61423469307a2b3237764833324c664d3075797851514e7577674565523238614c446b4b4a6534556d3171356337794c6e794a55664376543069777966717345733869796f7678676d686672625a3971334237554d66417a50777277345a5739693473396a7968382f5a2b4e466a4a392f706c694349533362542b7076714251752f306878626165766a2b4656487869666a54574a777478494c49514f54627237694e4b67754b42444f4f75584c76367934372f784d535049314539534f79702f36504f3744346b2b51465372504257663255754e793677434c385a4e41414a6c72726469343373717a65452f6b56593766524f37505830376876356d425250443842744b4147444e325a695350637531466852546c5337623156774439315744452b4957523578527a41346d38772b30746c6633747668566a7434653067674b414f34522b545343454a3045652b642f48622f4b6c593067535550337139716377312f302b746530444670306852424858593938442f536748472b492b7350736866664a6f32654d384a5432567a2f7958542f6549464a587074684550326547506446753276317055466f703176434d3373715738425079716668756a324b663263506338636841387a70566c2f77443946354c68333770754144794330793370417552705941626b54634d655158587a716857514c485166474e2f345158786442386a4e5462506f2b7842397037532f7a4d666b74496270447847364a56565266765a514639373344464d7678572b50317550492f64737147506d41712f327158415777766139486633372f4150536b2f45734b4934586f4668787178754e37314877436b2f47716269654d4567684c6d4b4a503754337a3845554144336b314573324c393759334841334a4c4544784a4d4433303751577a5346364e59433371794941507633472b57616b766965455774434c4250636f75664b617a332f5a647466316c315a2b36673959302b4f696a2b716c68725130533150373177356a2f534941393830626846335870687739436656326f673872512b4730556d39365246416c4c46772f784656486d4d31557a314c734d7842793970685648687938714a3857744b746d30415a32384e745452755955543776542f464d546b74323148666d592f4d44345647505337476e65364234496e314641797746653630725955457233484d553374596937376d792f3359714864754d3536374d782f65596e3530774a4e4b464b774845433967703852556345666e797053514b426b734f4b54363377704e75786d317a49423373423850665870737072396f43657851782b63666b30416436377672303368542b4834637a2b785a765034776f2b58317161656a64356f4246753050466d505a72716141424a666e534775565a62505246503272724e326856436a7a4a4e45384c7762447072366b453869784c64764c592b34555746464b537943594453657846596e746f68593442656261786338584951666e3331646c7568594368562f6841416a3859466339777a763866707a703246466477765265364e3771572b31556c6a356b314d743946734f4e585a3768377a6c486b4b6e50644a47782b464e5069674e7950446e5259364634664257553969326f2b6361666a5874306a59474f364b4134336a4c6f7858713665494f763071462f7453363846574d6374462b702b5270574d4f34674147666d64506e76556535727a2b422f4d4771786a4f4b4d784d6947476b67776645314466464d64537a65666c345543447646324b2b797a4c34675a5433546c6e546c72515339784b373936415066357a5564735663327a4e356d4e4f336c556537636e552f3566446c3555415366396f332f76442b6b48347a585647544577496e344c5855434957457735754d4574724c48596144346d69474b34556258363531516e6b417a483443506a58563141686f583743374939772f764e6b582b6c5a5039716c66375963614971572f3446452f31744c6647757271414557557533336957646a393574664e6a557937674c646f78647545747a533273782f4d3044794272713667596f5978462f5632454866634a7548794d4c384b6278474e7533494475783742505648676f304664585541454c6642575666575833467450444d7838414e504f7652696253365762636e373979436663757738646136756f4551377a7337444d784a4f6e30393148656c56705546734b4e6464504b76613667414e6873433737443467553763775951773771443251785077456647764b366742437662476d703930666a584d5a396c664d2f4f757271426848426448635263396b4b41655a492b56474d4e304d4f397937413746452b4f3964585541474d4e3053777937686e492b3864764b706c72423272634262614433612b652f4f757271474e44337270306a66626238387152633147323335412b497271366b4d6a33414e7476416e384b384a4a4131334f6c645855414a75514e5450753765564e47394850545879484f7572714148474969524f6e763778765133696d484a4764595967624d42322b413876796661366b42567364634a4a4f6733326d4f2f66616f62586d556145696477446f52333756355855784454585a304f2f79696b58434a31413331383638727141475741372f41442b564d4f66395238504f613675706749573650794b3872713667522f2f5a, '29704-410', 'centro', 'rua bahia', '123');
INSERT INTO `lojas` (`idlojas`, `nomeLoja`, `telefoneLoja`, `emailLoja`, `lojaCriadoEm`, `cidade_idCidade`, `representante_id`, `fotoLoja`, `cep`, `bairro`, `logradouro`, `numero`) VALUES
(64, 'loja5', '13998125660', 'cesar@gmail.com', '2025-11-27 03:17:07', 1, 101, 0x646174613a696d6167652f6a7065673b6261736536342c2f396a2f34414151536b5a4a5267414241514141415141424141442f3277434541416b4742784d544568555345784d574668555846785562474259594668676448526758474255584742675946526f5a4879676748526f6c48525558495445684a536b724c6934754678387a4f444d744e7967744c69734243676f4b4467304f476841514769306c487838764c5330744c5330744c5330744c5330744c5330744c5330744c5330744c5330744c5330744c5330744c5330744c5330744c5330744c5330744c5330744c5330744c662f4141424549414d384139414d4249674143455145444551482f78414163414141424251454241514141414141414141414141414146415149444241594142776a2f78414249454141434141514441776b454267674641775542414141424167414445534545456a45465156454745794979595847426b61464373634852556d4a796b7548774642596a4d344b69737449484656504338554e6a3469527a6b3750444a662f4541426b4241414d42415145414141414141414141414141414141414241674d4542662f4541436b52414149434167494341514d44425141414141414141414142416845444d5249685156454545794a6846444b42556e47687365482f3267414d41774541416845444551412f414e2f2b733837676e33543834634f553837676e6b666e414b46426a66696a486b7a547079675a7830536974775a535166454747346e625538576f69486357556c54334d4350576b5a7752596b59783174576f34473469586a39464b66736a32727971326a4b4e56575352326f312b35733950416764385259482f45615978797a4653572f41716165646677375949495a6264553832666f6d364877336546494637573550793348545849647a43365634686831543552793563636e707447384a72315963484b69642f322f756e35776e36307a2b457637702f756a4454634269634c6453576c3844636542303978373475594c624d747a6c626f50765672652b504f7966714d6532364f794830706544567679746e41714371484d7969774f6c637a2b31726b5676476b56635a79316e695977515338755a674b7161304664656c7261424b6e4e4f3745582b5a7a3777462f6e6a49374f6e4534796374656a6e6d6d6d366f656c66574f33344f5a79626a5076722f662f414135766b3430716c4872733379387438547645727679742f64453663734d5364307637702f756a4d4b496d6c6e4b616a585750523472306374733038376c506a454a446f6938415561744f4a36572b497879767848435839302f335148786d506561326159315470656d6e4155694652437044746d67586c62694f457637702f75685279747848435839302f774230413068704e7a45306832486a7974784133532f756e2b3643474835537534714d746434494e52363664735a4178434d5452756a5573506f3775776b32384b7734306e32684f32626b37646d3845386a38346a666c444f7251424f4a73644e322f58355143774f3077316e55713362536a64314362396b57636847757075652f384e50434f6852684c534d726b746849386f70334250756e35776e36787a75436664507a675952445349486a6a36446b77702b736337676e3354383437395935334250756e35774b704447666342552b67377a753938533452394454595a2f574f64775437702b634e504b5364775437702b634275624a367a487546683658387a4853354b714b4b4b44336d677154336d7038596c786a364c74686865556b2f676e33543834745374747a74546b2b36666e4169544c41465445794e47453638476b56374c7835515461364a35483577762b667a654365522b63446d4168474e596b416d4e7654654365522b6364413152437741437151734c4c59454171515164434455487868615230484f4a43783064414277697a6838557936476f3448534b786852436173646c35536a6455383265427568377875384b514b32767343573436616844755958547749757670347861454b7a746b5a4178415a575530344d4b476e41336a4b574e4d3057526d5577365969516f64526e6c75415170314b3041556738536f4844754d416554733350693572615635773034566d43786a3036575a5236492f5a64687568377875384b5235727346416d4c6e476c50336e642b383930526a784b4d334b69355a473470476f565966437161783149364c4d786152794f523278304b6f684d4279765745324f776e5435307534435546654c5a55506c306f515337776e49553166457a4f4d3168354d562f38417a69586f43786a396e4f6836665533456531396f377537337858705377734f45462b55584b4b5668326c4a4e42797a633437737558647636332f4d515972427156457957616f525733413778325243627273726f6f41613978693767396f30364c3347357434372b496766684d5172735552304c6a56637772715153427670536869332b69675759456473544c4f73636931696330463656754c6a6a435567576b3970576c57513771483461483377546b346858584d746262694b47764368347832517971534d4a5161475444374931336e67506e2b657738694143672f50343973534c4b6f4f3355392f3539776a715132434938734b466951434664674e642b67336e754551796b4b593561777a4d7830415876756649454431685a47652b596a573141644f32752f35786930576d5070436859634244315749597846574f6951434f6841654f79586e535456575a4f3432506675506a4233416372584670714268394a62487930507041336d6d4456726d346a384e59676d35537742576e456a34694770304a78544e7a677471795a765563562b696248794f7668574c744938316d79514341474272753378647765325a386d77596b66526534384e34384447696e5a44676230694f416a5034506c584c6130785368346a704c387835474432486e6f347a49775963515159713051303053434672485278674556735562474d66733031787333736c72356c7a386f312b4c36706a49624476693852396958366c6a466541577a51704c34513844772f4f364849735352466d6f775334554a44736e44316a753851674f41694c2f414137542f7742494833757862377a4d2f7744766961624c4c4b77426f53704150416b47686a4d624d322f69646e685a4f496b677952514230367467467147334777737776325158304931664b504859584d754678514244726d466442656c6169366e36773037494a5953584c6c5331525341674642553171445536373443597a44344c61614168756d42305757676d4a76375156716530515a325a733853354b7953785941554a4e71337270753139497a5a534d4a7339556c37516d39454b477941454141564b416b634b6c6c506a4776475a52715232666841376b5a49447938514a6f45774e4e64534775446c6d54427637685468515253774c3467544d51714c7a736d544e4b7175596d59467165715736314b45554a72774d635079634533506e466e5668797834385a42734e6d7451412b5150596431596857716d6f735254336a57497348696b6d444d6872754930495042676267396869354e6d5a686672554e2b4941392f7969506a5a6d6e786b566d787172526677754b44324e6d394433664b4a796b41376e5157346d336b4e664f6b454d446a534c544b55334d4b2b6f2b4d6570484c345a784f506f73746177315070326d4f564b64704f70336e384f794a6b533259366d2f68754868382b4d63566932776f6970446c455043516f574d32796b6a67496b41684173534b7351324d5143466836724852466c5565556e68444a70464c333734577538784358332b554952464e6b4c726f5234302b4d56706f616f4e624370372f6a574a79315432652b484a494c314131494941384970434b2b486c352b77616b384957546e516c7062454661644a5451336a577a4f53394d495a724f45765656492f654e51363842772b7a574141776c464368724c65744e54394977334b676f7559486c584e533078524d48487174365739493057413239496d324435572b6939764936487a6a4874496174574759666e5466466639485531396d6d3433696c6b4a63456569346d525552684e73624478637561302f44755154536f464c67626970316875447832496b6747573579634f73766b645053446d4235584b6254706450724a63654b6d34387a476e4f3054786f4134486c6a4d6c6e4c697052464e5851456a2b4a4430683331506447733262744f5650584e4c645848596450744456543367524f634c68735574696b7a2b6f65476f6a4e62543542414e7a6b68326c754e43435152334d4c77574d316d574f4234326a45793973342f43577845766e356630724b7748326830543467474373726c684b6e4153354b316d76624a4e49514c6232695466755773495958327469306c536d6d4677706f63703474546f3046363367535678732b57417757577377554e6573716532534f4c4569323452643256795a4342576d735a6b7851417071637376736c6a64336d43627933714f6e536c61484b4b312b7475493771524e6a6f7852354d6c63555a65486d6d546c6c71366b31594531414a3142465457346a5962456d34784670694a6b747461465153626279787035555066416a61654b356e4734523371416171785734497a447055316f4377593233526f734b3559414d79752b387253683645736c72484b4365645733616157684e676b4376384e4872684b317153315478365654552b5a6978795436324c5048457a7653624e45554a484a53584c6e435a496d7a4a494447714b616a5852536272326934747046506b337477346159306a465335697a4a6b786d7a5a61686d5a6d59355176574853396d766441336567716731684a654878496e4351764e545a54757564564136515a68553036796c67616876786948414a4e6d497636544b3574677749416358494e6a525456626a667233524879482f653477385a387a2f774378347637486e3575666d5444584c4d6d6933736f684e4b446a6138597a78786372727446786d30714c434c61454169484437526c544a4978435643453049497544586653764565635753496c32434a634c69536c6a646548447567784c797374564e522b6657415a5748344e797269394153416536752b484762304f6775615130434a575745437871493556683445494244774968736f34434668367243524e67654b5976437552525749487938375257784d795a514141647439335a75697a6838614757765358735941303856694a4a2b646d6f4f72596e6a727035525a6d4e522b6b466f64426f4c563754356563627a6b6a7345554d36645a4675784f2f366f394b3934472b413349335970784468365555674e576d69385435326739796b3271436f77386d30744f48744836587161643964396d686c506c4e746b7a6e745a4673713842383744386941616a65664b4747575153616b3968303849617273415379314f344c76387a454e3242594172633651706c67366755694d596862564e4364464f766c45394e35386f514664384a55574a486a454d3344456b466c424846526676722b454544322b554c546a3551374144666f394f6b725a6147325930506752425443386f73544b6f4836612f58313848487872456a53676452552f6e66454c595739564e2b427549616d77346f4e34586c466870746e2f41475a344e646676443430697274626b646835347a4b414b364661555077386f4254634a61363372646c34647774376f626835307955535a557772547470582b45324d614b59754a4d7544326a6776334d7a6e705939683673414f41396f64774a4557734c793857346e536a4b6d4139454871453070526e396d2b7049466f7434546c537774506c312b73746a39303250704678354f4478647569784f3439467644656643734f307841365a4c79596a423468706f6d744e64314c4b663259444b417179715779677362366d745447726d3451456b676c474f537444593554555a6c304f38563170766a44342f6b4d79484e6870685167686770307a63654666434c6b6e6c62694a42793433446d6d6e4f796837314a70354877695a4c304e666b30693530363978556a4d41534d724f7273536f475a6571774643514352553036727630775a4f6361674854476f36793042554530766d71743661647449375a6531354f49424d6d61723275425a68397054636549696245344948704b636a454d474b6756495a61583345676747344f6b5133374c7230426b354f756b2f6e735069586c686d4c4f684759484d637879317053704f68727241375a324f4f45786b3652694f704e5a6d566a6f5664693165345a6d55384c626f3073314a69715431714e4b706b714f694747626f6d753755314e5275734b785979564a6e68316e717249726a4b54597257556a31725971656c726263494f51714b556a5a363454417a304c356c437a4344325a61494f2b77693967707254424a6576524d73357265304b4458764a386f3462496c666f387a4479785258523175574e36557256695471617741324c745979734c4d6c5456644a6b744736794d4143776f4c306f4b73626361696b473078565270306d416c674b39456747322b6c62654649557243344d683045776175454a37386f48776951724754325547464e51447841506e4330687542764c485a55655269634a476a6c59306867455052596c5756453075565749636830516859574c516b516b5459365042634f6c45587a3961784a6835594654374a4e2b306e642b6430534c687951414e7748757048544d4f3151434f674f42312b4e39356a5a6d4b434743322f4f6b533243766c457a646c4230734c3071464133666a4138597079616b4b784f70566970387231694448584972772f507569414a3277784e684959776238792f6157767174683478596c54513267423756594741346468762f506a4475663841704b4432306f664345306755673130547638434b52333650636b45676e66723737656b445a654e416f4d7a69707066704431767569314c7848444b65346c665131454b6d5679524f46634141454869547152382f434863375374515142764972587541724456784e4e616a37533139567245715467644b48374a42395077684d6f637042466a723678782f496875564b384435483577336d434b55593047343372336e726573494230527a4a4b6e55654d4c6d595571416537634f3645453457766338646263424146454434625768313469766c2f774152566e345857716b6431783477557276396678686a47476d425677653138524c737235312b69312f4b7653386f4c34666c504b666f7a6b4b486637532b4931486b59447a335866534b45395364445476763552616c374a4e466965532b476e2f745a445a47476a796d305068703455684a654c326a68624d426935512f686d416434462f454539735a79546e5531584d70705a676148306731672b5563394c4f6f6d4479627a4878454777442b79655675476e484b574d715a2f707a526c4e654150565939674e594e54634b72454d5252686f79324e36573751614378714c434d6d2b4b774f4b4757616f425030785479635739524379396a347244587765494a54644b6d394a4b63464f6f4864534963665852614e474a55784b55713430714b413657717073644e564934415574437a356b75636a53356771724171366e4d4b61472b68423338644944794f562b51354d5a496551616a706746355a767846783548766a52536d6b7a304471566d4c374c71774e4f774d7074706365635a797462525353656976737a5a617945796f37734b2b3232616c7a5957734c78627951736d546b464d316461567058547373664b4f65594271597a62625a5353526332597746554a46546343747a595670787051656345566c6d4d687430715a5376576d566865756c626137723069545a664b615a4c6f733273786550744478306278763277665572706a3458326a59704b69644a51697467396f533571357052446365493778714972347661307158313571673841616e7957706974695958437149364d75334c43534c425a684847696a336d734c4434736a2b547a3743794b6b2b48782b554f6e79614b543252617743574a346e34434834784f6a336b6650345275396d5a6b73662b384934416536767869495668324d5037522f7448307438496a72415a736657465749656576456f61454e4953616f717665663654442b626868467765466668456e6a4259554b6a4d4e4436784a2b6b48326c44654552336a717757485a61544737717350484d504a6f6d5446634376716e7a42386f6f5a6844536f67486243763658784270327255654254355135635172577354774242506b622b6b42744e4770434f53624e5139347242534b35425a3054633255306f4e52354178536e4f344e4d77492b485a54664563755778734749475662564e4c6839336c35524f6f795579714c43684a4a725264354f6d2f664252566a4d68714b3133564f707642585a7579486d6d694c5565303549437150724d6241773741596e4469706e42327053694b4c4d645358636144546455785069397363386f5146524c476b744c4b5044556e744e5441496e6d79734e4a4256514a3079684763676846722f414b61366b3970386f447468787769566c50452f6e7668684a4737382b4d4a757830565a7545376a332f4d586a70452b624a2f647579646d712b49303878466f456638414d4f704259697849355456464a386f4d75685a4b65716d3371496b772b7a63504d626e4d485061524e4f35446c72324e4c5057485a70413535494f377830696e506b4c7848783878386f6651374e484d78324f6b4773354f655565334b733150724a6f66436b584e6c37526c34676e6d356f7a584a51325958337162786d7346747a4553725a69796a325836586b64523651526d34374359696e36524b794e756d4c656834686c3658766742556168384a5757794d43517776555774654154374c65582b374e766f6d70587733723456693373695450516a6d3855732b526f524d3654416341774e6139384779735a4e654832614a2b6a4c4c696157594643626132506377736536466d4c514567567075672f694d416a67676a58383345434a2b79706b7536486f377762696e5a76583145516f4f4c75442f677079543243327878424979694f676b6d44536e564564485a7968364f66684c32507761305165507668754b396e76503539596b6c3241484143494d5954656d75553037346c6241786a47704a346b6e31685149732f35544f4873313769506e4457774d306179333842583352424a597934546d394a2f5055317175544e54683947765a574b4d6379734e56596434703734547967416b47682f682f774230644456303866682b4d4f79487338784341534572456339696f4a707044634c4d4c437474595945706d38612b554f426957584d514b515a595a747a456d33644348464e3958775242366756674169684443764d4a314a506a444b774145384a4a7a46527856666a38345a744f515a59465471547570546854743759763747465754374b2f314b506a442b563075696f6533344835517976426e414f42685354766f6538563954456459344e44736b6e544573756d59647a56483831596e6c375449316f653846666455656b55632f6244633047783277737530564f6f4937722f414e4e2f53484445496444764174784f366c6f435a7277615358306a51626c50713166536b4a70464a6a614d645361634e496c7775475a6a6c56475a7543697675764178385545736f4e69624135523355304a3849737a4f55726c524c4e4551447168636f5061355872487459474367734d4c675a61314532594d32394a5a444e33467571767165794b32496c495353716c527772552b4a336e7767664a32696a647664512f492b6b544c696c304448752f41775578446c6c4d687a497842346730506d494c34506c4c4f53307743594f4a364a3878623067515762732b4d4f6b5353356f417a4e3945416b2b6b50657773326544322f496d65316b504237667a61657346464e626a766a42485a5955644e31553336494f5a75366932427239496945776d496d79763363776a73336552744278512b544e784e7745746a566c7632456a33474f6a50536555373036534b547846523834364b7043354d73415251326e4f794b7a634d767151506a426b5359426370785355653177504b702f32784e6777624a323842714436664f4c63766236622f642b4d5a7452447a453249307732354b50746631664b4866703068745368373876786a4b424243744c48474378327a566958494f697034552f327731396d536a37506b5447516d4531464f48784d634177766145466d716e62456c7343755a6858744878455635584a705646466d6e7855483345526e7a6a4a67466d596458526a764d54342f614d3257314f63627a7237344b43304757355050756454356a3578452b774a333154334e38784162395970774e4f633831543556696239624a6f5057546472336468683851364c4b6247784148536c3150454654376a46504734616574684a6676796b6a306952755638396573716352516d343853596d77664b31356c616f425474487967534a74614347774a74307271466f652f504c2b635875576e377054396365356f71624c6d5a6d562f704b782f6e5435515a327736716c58554d7464434b77796a416d594f4d526d62654e4d7a594e7573696a2b466836674468454574646e74554c4d514561306d696f7666553145494b4172346c625a5670613951707165497461455a6965467541413836432f6a42365873584473517954712f7849337769582f494275634876424878677442785a6a7352694d725a62365273396c644a705a2b6b6e76792f6a413361504a5632496157795630494c472f70424c5a736870664e7134414b324e44616d56694b6549454e745543526d647334646c6e7a564667484f6e626634774d64534e516538786f2b57657a4a6878426d496a4d47433179715463436d6f376f7a3532644e70556f523332313744654c524c524e737868635733526f5a55756f516a55676a302b61694d2f68634b366449366165364e4873795a575858364c416e75424250705746494555524d4b32416f52784e505157693264737a54306130552b796f4371664261413935424d5137614757664d576d7653483851422b4a69716e664141522f534e61696d6c77654e666c4569644c51313737654637517371566e4330314b7342396f436f2f703959467a354c57597133656678674748456c6a657944737533716f496a6f474c6869514344533372485141656c383347563561476979313473783867422f756a59355978334c63566d53313449543935762f414269586f624d73483749715932524f5a77456b5447464b35674b4b4b6e657a554872424159637734796d4f703874665835526e796f4b544b636e5a45796c58644a58454e4e424938457a52657775416b723170377638415a527165424e612b416a6c6b675879315045314a384f486848544a68734b584f6e34396b513579476f6f7434655867387847594567614d78335671615730376f747a4a47445a615652626d3459433977623137434c3849444843797a316747503074434439556934384967325a7336575a534667574a554772456d6861396762413331454a7638414a6449497a646d53745a632b575143704f5a687058697679675279707738774f4a6d516d5865724b4d7936445668576d6e70424b55616445366a38672b4d53674b7431664965773039506c446a4e6f58465759784d654e314b582b66434776744c67424276624f457a6b6b424378336743703133304737556d2f434277325876554c5557485455366e72456433474e3030305a7962766f62697035364a4b6a71745145553338506c78673968746a544a307057464651356852645356493150432b6b4370327a46546d586d5057726f4374665a5935616a754e49336162536b795553587a67414852554374796237687164596c76726f6d6e5a427362445a4d696652567835582b45474f57456b4444736542582b7452385948624b6e5a33725774524e7666644c6575743930484f577967594b63783041552f7741367731344c726f38386b4654565362557272326d6e766a4e4c6857457836414145544e534c6b676b616274494a4e6943486f46317266794e2f4f43574932552b57564d4941576353426534396b356854746879794b47337349516c4c534d354c77375a6c59737652494e414f4866534447466e484f744c417350496b56697a4a3249466161724d4b6f4b67674870553142716256686d497779424d3074337a41796a537873554a6d627463347432474d2f72525a70394b5343457966304f6a4d624d4642733533557255474c65786e5a307161317a705776444d4b2b6b516635626c554731656b4736517152656d6e684268796d576b716c6562765165304e4365322f70446331615250426f64796a7844537a4b49634c6e5532497255696e615070514d546163776d68796b397173767a67397931796a447970703044734b3968566a2f7345594848636f5a637867794b2b675774414e77484874455037727175677056646d6d566d61786b6f613854383169772b424345727a6170566139485131743251453256744e686b42423632704e62485343574432787a73774b534e3446496d58506b71304e634f4c765a4e6a634d6b77796d59484d364b4151527533477665495a4f3550734c56625836703930465a6b6d73674d4e556d4e344131596534525532686a4a35714f63555630464f2b753676434e6b72305a2b6579734a426c554a4f684458464c56763656696246345a4363704c45627830654e7431615242686e4c7230706765314b6350776931507752664b334f4f4d3074546c484543682f706856374171746838704955644864636155372b4e59364a70477a46707178377a2b4564465542756e573059336c4b7950696a4c46533456656941784e4d7561744239714e766c6a79666c42796a61586a735136505267576c32476972305436694d73764a522b31646d6b49786b2f755a472b31384944546e4e4e614c4d4e4f2b6768427433422f36682f38416a6d66327745324a7449444f476e435743354a586d363571727154572f63644b647352637035386d59717a35515243546c5a63787a4e77594c536c71584f7478574d312b366d6958785272634269354534714a655a737a464230487577414a4678617a413334784f56546d7a4e79746b443543637674634b47394f33534d64795a7870524c66535a68336c565776663052427063646d47526d4957746243742b30456a7a6a4f584e5370614e464748472f493344344755556e5447424a456f5a525332624c754e64616752724a4f77634b737244454a5130516b6e55315a4f746636786a43625578676c39465153474271546271554a42414a7055416933455264504b384d417555727a6172536a567a614555734b64574979594d6b336357396d734d754f4b706f746255773875586953737357714433582f434e556d466c4d6b724f696d687154475432564d447a41376a4e65344f2b782f47432b4b32334c6c48516a4c3749377442756a53574e76476f6d617952575273753761664442356c41675979326f4b61362b47364d622f41496353462f53575167586c50752b736b54625178774c6d5a6f4d716d2f43352b4d56746b7a5a4b75383163526b646c61756c677871614857746765794448675563626a65787a7a74797630584f576d30466d5330436873306b79376c62484c51476834432b7356396f596b466b3651475677564a4e4b6b693237572f6f5970597a456f38746b567332656f5469354465794e5359647336666879756562596962565430724e51555555336a6832787448476f7870476370386e794e76734357776d5331635561732f4d4c36387a4e4f38412b6b61666c6c4c7a62506e32722b794a38685834526d2b54574a45325a4c634e6d713830564e626e6d70696e572b73624c6255304c67334a3379714144557355364b6974716b3046375261564a4533665a354b4e6c68694746613149465251566f4e5364315246766157456e70496c767a6b746c7a305757726a4f4f6b564c5a5376567a4b644e78454c695a38334b79637a4d706d467a536c4775573130427361583441774a6d4f31417a6a4b5458746f5162486a6f5235526e4f4e302f513453617443596156695a6a484d43686f4b6832594533494246454652614c6b335a723347594374644b3148342f4b4c654c78334f596d535550586c7150466d4e4166454151566e594e7374534c692b6f3861654659625339427a594e326a4d6d6f67594d4b43684e52573541506c534635505973764e616f3155656e35394962746d524f524772566b4a58535754525255307233436c65794b484a59507a79484e596a5367765a6c767776512b455534395752665a7565554d6b76736f303679637a63697568514e627861504b486559677a45532f752f4f5059466c752b436e5373776f334f4b4f6a635635786c76576c6167586f64526150504a327a61356c365242307270556b6e3565513759744f67594c3266683570434d576f683049467751435275374b5250736a454c7a3675702f366c6443445136396d382b554a67634772537378427354576f337151434b58417432377962516934624b7755736f425a674142666f6e4c5135616b616a585857487344306b6a2f302b4b556171717a4e2f736d2f6f68383478574d78355268307a5171434f6b52573154572b765745627a595a44737174315a73706c4e61587a41436d764174474f6c37454d7a437337537773795757586f6b39594734793974442b61516f39435a5a32646c55395a626b6278762f414f594f43597179517a45444c4d5a622f574163653477423264744353465548725a5257693778476a527153357876546d784d465071477266796d43577752536c34315070622b422b5564464c2f4f6c314376652b672b665a43785345656b6f73664f6d304a7650596961454755744d6d457335415545755354556d2b7567426a364778637a4a4c642f6f6f35386c72486968596c415a675972536e524b41466878497675695a4e49744a76526d4a4f456d4d776c5a5372564f615965723246536f754d7534623465646b54533256314b4944546e534779302b714b564a374f50434e432b315656535451754451466d4e414e394c564a703458697473766c41377351794946436b67425378715476763333684c76736c6f673258732b63725a5368357356496d55706d47374b474969584469646e594f6f79674d564b4643536155466176516361616e33485274615738734b3075594b6f525a51625a6145395945584d554d4a4c5761675a4749476842384e4b62766e45502b78537652546d5a32567566564e4f6779717446336b754d704c58464b56332b4d434a382b695a4b414d535032713552306132584a6c30386139744c527073647378684a5a69616f564946434f745331527247526d34567157516d3446694e536143744f4a6a534473556b46746d7a51375338726c475872425762706745554c484e57704a4f6c4c51567847436c677a484c4d78656f796d6a4b7464636f59484c353272614b4777384d4a59424e533563676749534655426166744e4b317a57336365426e457a4b67304e71333363497a6c4c73714d65757a4c346e4264486d314f5a55616f71467256674e57314f3455505a7769704e6e7a43374f58594d77797352596b615a5770533176534332794b4f37746537674e58694c32384b525532676d5a3667476a567551626b554270342b2b4e456d5a794b552b646b6249574979446f337142572f52707057753646326365636456706574516130766174545431696262577a75626d4b6f337930506d495459795a5a775938506c463130493959354e39655566722b396166474e686a54584374582f41454770762f365a33526a2b54776f5a662f764c2f557362557938306d6e2f62492f6c7045563057655759395379796d3536676f4162476a56525437366d384464724b546157774a417153474150577053674e4e43443577697a33357155755432554a4a70596a6f304937766646395a4a7179323675625536384e596d37324b32744145436342556732304f7662486f6369514a6942314c554b67326d50765776474d68734a576d795a774e4d79633445714e546b714e6546616545572b542b4d5953455273494864616a4f5174534b314654554851303133517049704d4b6264775a35674e576f4956686d75564b6e636530476c2b4d5a7a5945334c4e6c69706f7245582b73612b38775632675a3779526c41417134764d6134415530494e71317a447745434d487379656a5a2b6163726d424241714b56346932376a462b435873394d774568434a6c5655306d53334a4948567a536c4937714b38593746496331436571614556376148352b45474d4c7475676d6a6d35684c79776c4170736373305a74446f58552b4550327668634e4c4a6e5444517a4d7a68416f4c584e534b6b696c4d314b6d4962533256344d764f584b7a4967444b3572554b625a674163784234314e65324b302f434f4859454a6371545a786f4c487264686a5842706375587a6a79673353734177586f31364a594e51673034452b46445230696449645135776956436b315a4d3141707131444d476f424273625a6847442b5a6a53734f4c59336b336a3079796d4c4b4d737741416d393641454776317545554e7062426e50506e38793073796d78484f4b2b594558757746364872656b575371757a6a4f6f48524b465657744353426c4e4c4d74425851656b57396c3477534a664e383457366245466747594b514b56494e4b3034307641766d5939582f686a34413656795259437563577257673854757036776b7262676c72516c445253685571784c4b774b6d74774b55487567374f32686d714132626f6c6a5636414b4342553542613547745977557a44735a72497759645a756b4742495776514652555676547645447a4e2f74594f4b52706b77306d67704b5451617a4a67494e4c6767436c6a5853466a4d484354464a41616734484e76377178305170542f724331365055755773334c674d536167566b757454757a3944663971506e305a6d41514777716162716b377152376e2f6961662f3538785070744c583144663759384c6d59655970364f6c4b6139762f4565676a4e6a634f7756584c447043774e4b6741676a6a71535976636e4d53456c7a503257664d5642616b7735566f644d68736274723252567757456d4f784179315048536e354d4774675453417a457174674d325774387749734f77474357674f78574b63426d797a414b4e54396c4d46415357314b2b7352374778717930436b6e5879376f4f625432724b4d70304c4d537946526167754342414a5a614c5251704c4731535251416b61443656514c786b6c614b30475878636c6c5a584d77476c434b715049487a385946347a473465555252534b696d61726b325a54536c4d756f42723252444e5145644671564a75523230767667666a746d54437747556271644c55304168714342734a374d787373532b697079314f7033675676596d3857396f54794a4c5441467463307a58754e41514f4a75496f3462424d71383072414141356d763136332f6875523548734e74396d7a436d576f7053683448312b45533471783256655368724b6d7465764f4c58764a57745043734a4e6d357a4a6c67477147594f2f4e4d427442545932786d5243716a566754636350776774674f52654965594a79717555564e537937392b7466534e464a646b53526e755663716b79573347574239302f496945354c59634e4e617438716a31502f41496d4e6874446b65307a4c7a6d4952637465724c5a7a656c5263714e30514e734844594f727a4a307934467a536c4258325a616b377a37554c6c3974466357464f5437676d574b33352b587648303563627552694a5951566464434e52784976486a457a622b46523165555a72465756686c565657716b4558636c765a47364466495062676d7a4a376c4d6f414e71314f716e57672b6c4464304348794e6a7a6d6f717965725374575141584e4c6b67554e447077696246374c6e67696855476c364d744e3238426a585879694d386f5a6e4f4f777945467447553241304149493352667775336931535a4a4955564f566c734f4e47703734786d6d693470417952796461704c54584664517062333568376f49345459307442724f4a346338366a2b536b58734c7469524d49415967384370723656487242626d5247626b317374525146325768584e6c73566d544b47354971546f5361364e724674704c4d616b6b39356958435351486e4c3964543579302b494d57386f454a7959364b637155524765355a374b6e544635785343716c656a6c7541534131445870567430654e4c474e63496732764d645a4531304e4756475947783046644462644174696174486b556963794d364e6d70515558686f525876444c574a734a744b5971716967617356625130436c5770576c69436245634b5868754b78447553576f574e4b735646625a7637765346537046446c503841434161615a51774651744e326b6150422b44465038694a693255306d58585378497461677275734e657a74693075313247523731746d4e7a6d4e4f736169346f42784852476d2b4843724b7143364e596967576855674d4f74566c612b6c6a58746769634e68574c6f5a6b775a61764c724c584f6130704c717049793949456b6b583072576f683455396f61495a664b4b646d7a49354663793571436f56376130304146747774443852746d626d417a5a676374394256624c7277414671616c6f4555484f633074525667676f6573576f4b4e5851477444336e5857495a6c566349394161554e64354c30746c486472327848366547364332615844466e554e526d7276414f2b2f5337623138524851496b342b644b416c724d624b4e4f7a7375626547366b64452f536c34436b662f32513d3d, '29704-410', 'centro', 'rua bahia', '123');

-- --------------------------------------------------------

--
-- Estrutura para tabela `mensagens`
--

CREATE TABLE `mensagens` (
  `id` int(11) NOT NULL,
  `nome` varchar(255) NOT NULL,
  `telefone` varchar(20) NOT NULL,
  `email` varchar(255) NOT NULL,
  `cidade_uf` varchar(100) DEFAULT NULL,
  `motivo` varchar(100) NOT NULL,
  `mensagem` text NOT NULL,
  `data_envio` timestamp NOT NULL DEFAULT current_timestamp(),
  `lida` tinyint(1) DEFAULT 0
) ENGINE=InnoDB DEFAULT CHARSET=utf8mb4 COLLATE=utf8mb4_general_ci;

--
-- Despejando dados para a tabela `mensagens`
--

INSERT INTO `mensagens` (`id`, `nome`, `telefone`, `email`, `cidade_uf`, `motivo`, `mensagem`, `data_envio`, `lida`) VALUES
(1, 'Renan', '(34) 9981-2341', 'renan@gmail.com', 'Divinopolis-MG', 'Solicitação de orçamento', 'Ai num sei oque puxa vida , ai num sei oque , produto deu problema ', '2025-11-27 01:01:03', 1);

-- --------------------------------------------------------

--
-- Estrutura para tabela `pedidos`
--

CREATE TABLE `pedidos` (
  `idPedidos` int(11) NOT NULL,
  `dataPedido` timestamp NULL DEFAULT current_timestamp() ON UPDATE current_timestamp(),
  `status` enum('pendente','enviado','entregue','cancelado') DEFAULT NULL,
  `lojas_idlojas` int(11) DEFAULT NULL,
  `representante_id` int(11) NOT NULL
) ENGINE=InnoDB DEFAULT CHARSET=utf8mb4 COLLATE=utf8mb4_general_ci;

-- --------------------------------------------------------

--
-- Estrutura para tabela `pedido_itens`
--

CREATE TABLE `pedido_itens` (
  `idPedItens` int(11) NOT NULL,
  `quantPedItens` int(11) DEFAULT NULL,
  `pedidos_idPedidos` int(11) DEFAULT NULL,
  `produtos_idProdutos` int(11) DEFAULT NULL
) ENGINE=InnoDB DEFAULT CHARSET=utf8mb4 COLLATE=utf8mb4_general_ci;

-- --------------------------------------------------------

--
-- Estrutura para tabela `produtos`
--

CREATE TABLE `produtos` (
  `idprodutos` int(11) NOT NULL,
  `nomeProduto` varchar(100) NOT NULL,
  `descProduto` text NOT NULL,
  `categoria` varchar(100) DEFAULT NULL,
  `imagem_url` varchar(500) DEFAULT NULL,
  `ativoProduto` tinyint(1) NOT NULL,
  `data_criacao` timestamp NOT NULL DEFAULT current_timestamp(),
  `data_atualizacao` timestamp NOT NULL DEFAULT current_timestamp() ON UPDATE current_timestamp(),
  `mais_vendidos` tinyint(1) DEFAULT 0
) ENGINE=InnoDB DEFAULT CHARSET=utf8mb4 COLLATE=utf8mb4_general_ci;

--
-- Despejando dados para a tabela `produtos`
--

INSERT INTO `produtos` (`idprodutos`, `nomeProduto`, `descProduto`, `categoria`, `imagem_url`, `ativoProduto`, `data_criacao`, `data_atualizacao`, `mais_vendidos`) VALUES
(5, 'B-T1', 'TRANSMISSOR para acionamento remoto* de BOMBAS DE IRRIGAÇÃO (equipamentos elétricos acionado por contato seco)\r\n', 'LINHA B', './imgs/produtos/B_T1_1764038671.png', 1, '2025-11-25 02:44:31', '2025-11-25 20:31:25', 1),
(6, 'B-T1HP', 'TRANSMISSOR para acionamento remoto* de BOMBAS DE IRRIGAÇÃO (equipamentos elétricos acionado por contato seco)\r\n', 'LINHA B', './imgs/produtos/B_T1HP_1764038866.png', 1, '2025-11-25 02:47:01', '2025-11-25 20:31:25', 1),
(7, 'B-R1', 'RECPTOR para acionamento remoto* de BOMBAS DE IRRIGAÇÃO (equipamentos elétricos acionado por contato seco)\r\n', 'LINHA B', './imgs/produtos/B_R1_1764038944.png', 1, '2025-11-25 02:49:04', '2025-11-25 20:31:25', 0),
(8, 'B-R1HP', 'RECPTOR para acionamento remoto* de BOMBAS DE IRRIGAÇÃO (equipamentos elétricos acionado por contato seco)\r\n', 'LINHA B', './imgs/produtos/B_R1HP_1764038998.png', 1, '2025-11-25 02:49:58', '2025-11-25 20:31:25', 1);

-- --------------------------------------------------------

--
-- Estrutura para tabela `solicitacoes`
--

CREATE TABLE `solicitacoes` (
  `id` int(11) NOT NULL,
  `tipo` enum('lojista','representante') NOT NULL,
  `nome` varchar(255) NOT NULL,
  `email` varchar(255) NOT NULL,
  `telefone` varchar(20) NOT NULL,
  `cnpj` varchar(20) NOT NULL,
  `mensagem` text NOT NULL,
  `cidade_idCidade` int(11) NOT NULL,
  `estado_idEstado` int(11) NOT NULL,
  `destinatario_id` int(11) DEFAULT NULL,
  `status` enum('pendente','aceita','negada') DEFAULT 'pendente',
  `data_solicitacao` timestamp NOT NULL DEFAULT current_timestamp(),
  `data_atualizacao` timestamp NOT NULL DEFAULT current_timestamp() ON UPDATE current_timestamp()
) ENGINE=InnoDB DEFAULT CHARSET=utf8mb4 COLLATE=utf8mb4_general_ci;

--
-- Despejando dados para a tabela `solicitacoes`
--

INSERT INTO `solicitacoes` (`id`, `tipo`, `nome`, `email`, `telefone`, `cnpj`, `mensagem`, `cidade_idCidade`, `estado_idEstado`, `destinatario_id`, `status`, `data_solicitacao`, `data_atualizacao`) VALUES
(1, 'lojista', 'rogrigol', 'rodrigo@gmail.com', '(27) 99955-55576', '123939338382', 'eu quero vender po !!!', 79, 8, NULL, 'negada', '2025-11-24 02:07:40', '2025-11-25 02:10:43'),
(2, 'lojista', 'EDUARDO LUCAS NUNES MORAIS', 'xxx@gmail.com', '(27) 99812-5660', '1209122321', 'aaaaaaaaaaaaa', 43, 8, NULL, 'negada', '2025-11-24 22:42:33', '2025-11-25 02:10:42'),
(3, 'lojista', 'aaaaaaa', 'safadao@gmail.com', '(27) 9981-2534', '1209122321', 'aaaaaaaaaaaa', 66, 8, 76, 'aceita', '2025-11-24 22:49:20', '2025-11-24 22:49:37'),
(4, 'lojista', 'uuhi', 'xxx@gmail.com', '(27) 9981-2534', '1209122321', 'asaxsxsa', 112, 13, 76, 'negada', '2025-11-25 01:17:03', '2025-11-25 01:17:42'),
(5, 'lojista', 'carlosirrigação', 'loja8@gmail.com', '(27) 9981-2534', '1209122321', 'quero vender , tenho experiência na area parara pororo', 106, 8, 78, 'aceita', '2025-11-25 01:38:06', '2025-11-25 01:38:31'),
(6, 'lojista', 'carlosirrigação', 'loja12@gmail.com', '(13) 99812-5660', '1209122321', 'aaaaaaaaaaaaaaaaa', 107, 8, 78, 'aceita', '2025-11-25 01:50:59', '2025-11-25 01:51:12'),
(8, 'representante', 'Enzo Schultz', 'enzo@gmail.com', '(27) 99712-3412', '12.821.838/1293-12', 'Olá sou o enzo teria interesse de dominar todas as cidades do ES com a letra A , além disso queria a cidade de varginha Mg', 41, 8, NULL, 'aceita', '2025-11-25 03:48:01', '2025-11-25 03:48:28'),
(9, 'lojista', 'loja1', 'loja1@gmail.com', '(23) 99712-3412', '1209122321', 'Olá , gostaria de vender em Varginha Mg', 112, 13, 82, 'aceita', '2025-11-25 03:51:45', '2025-11-25 03:52:05'),
(10, 'lojista', 'Loja3', 'loja3@gmail.com', '(13) 99812-5660', '1209122321', 'addaaaaaaaaaaaaaaaaaaaa', 116, 17, 84, 'aceita', '2025-11-25 04:07:59', '2025-11-25 04:08:08'),
(11, 'representante', 'peixe', 'peixe@gmail.com', '(13) 99812-5660', '1209122321', 'pfvvvv', 1, 8, NULL, 'aceita', '2025-11-25 20:16:45', '2025-11-25 20:18:33'),
(12, 'lojista', 'loja3', 'loja3@gmail.com', '(13) 99812-5660', '1209122321', 'aaaaaaaaaaa', 36, 8, 82, 'aceita', '2025-11-25 20:20:54', '2025-11-25 20:30:43'),
(13, 'lojista', 'loja4', 'loja4@gmail.com', '(13) 99812-5660', '1209122321', 'aaaaaaaaaaaaaa', 65, 8, 87, 'aceita', '2025-11-25 20:24:30', '2025-11-25 20:24:47'),
(14, 'lojista', 'loja1', 'loja1@gmail.com', '(13) 99812-5660', '12.132.141/4324-332', 'quero vender', 34, 8, 97, 'aceita', '2025-11-27 03:03:37', '2025-11-27 03:06:23'),
(15, 'lojista', 'loja2', 'loja2@gmail.com', '(13) 99812-5660', '12.132.141/4324-332', 'aaaaaaaaaaaaaaaaa', 45, 8, 98, 'aceita', '2025-11-27 03:04:49', '2025-11-27 03:05:01');

-- --------------------------------------------------------

--
-- Estrutura para tabela `usuario`
--

CREATE TABLE `usuario` (
  `idUsuario` int(11) NOT NULL,
  `nomeUsuario` varchar(100) NOT NULL,
  `emailUsuario` varchar(100) NOT NULL,
  `senhaHASH_Usuario` text NOT NULL,
  `tipoUsuario` enum('admin','representante','lojista') NOT NULL,
  `loja_id` int(11) DEFAULT NULL,
  `avatar_url` text NOT NULL,
  `whatsapp` varchar(20) DEFAULT NULL,
  `estados_fale_conosco` text DEFAULT NULL,
  `UsuCriadoEm` timestamp NULL DEFAULT current_timestamp() ON UPDATE current_timestamp(),
  `cidade_idCidade` int(11) NOT NULL,
  `idEstado` int(11) NOT NULL
) ENGINE=InnoDB DEFAULT CHARSET=utf8mb4 COLLATE=utf8mb4_general_ci;

--
-- Despejando dados para a tabela `usuario`
--

INSERT INTO `usuario` (`idUsuario`, `nomeUsuario`, `emailUsuario`, `senhaHASH_Usuario`, `tipoUsuario`, `loja_id`, `avatar_url`, `whatsapp`, `estados_fale_conosco`, `UsuCriadoEm`, `cidade_idCidade`, `idEstado`) VALUES
(38, 'Systech Pump', 'systech@gmail.com', 'a665a45920422f9d417e4867efdc4fb8a04a1f3fff1fa07e998e86f7f7a27ae3', 'admin', NULL, './uploads/avatars/avatar_38_1764208118.jfif', NULL, NULL, '2025-11-27 03:00:00', 1, 2),
(97, 'Alfred', 'alfred@gmail.com', '2224512ef44a62e580bb1c0dcb33aff688f4e7da8a488aeb4e7ca402c5cacf45', 'representante', NULL, 'https://img.a.transfermarkt.technology/portrait/big/28003-1740766555.jpg?lm=1', '(27) 99812-5660', 'Minas Gerais, Espirito Santo', '2025-11-27 03:07:42', 1, 8),
(98, 'Bernado', 'bernado@gmail.com', '8d969eef6ecad3c29a3a629280e686cf0c3f5d5a86aff3ca12020c923adc6c92', 'representante', NULL, 'https://img.a.transfermarkt.technology/portrait/big/28003-1740766555.jpg?lm=1', '27996241532', 'São Paulo', '2025-11-27 03:02:20', 1, 8),
(99, 'loja2', 'loja2@gmail.com', '8d969eef6ecad3c29a3a629280e686cf0c3f5d5a86aff3ca12020c923adc6c92', 'lojista', 60, '', NULL, NULL, '2025-11-27 03:05:14', 45, 8),
(100, 'loja1', 'loja1@gmail.com', '8d969eef6ecad3c29a3a629280e686cf0c3f5d5a86aff3ca12020c923adc6c92', 'lojista', 61, '', NULL, NULL, '2025-11-27 03:06:33', 34, 8),
(101, 'cesar', 'cesar@gmail.com', '8d969eef6ecad3c29a3a629280e686cf0c3f5d5a86aff3ca12020c923adc6c92', 'representante', NULL, 'https://img.a.transfermarkt.technology/portrait/big/28003-1740766555.jpg?lm=1', '(27)99624-1532', 'Rondonia', '2025-11-27 03:11:25', 1, 8),
(102, 'loja3', 'cesar@gmail.com', '8d969eef6ecad3c29a3a629280e686cf0c3f5d5a86aff3ca12020c923adc6c92', 'lojista', 62, '', NULL, NULL, '2025-11-27 03:13:59', 1, 8),
(103, 'loja4', 'cesar@gmail.com', '8d969eef6ecad3c29a3a629280e686cf0c3f5d5a86aff3ca12020c923adc6c92', 'lojista', 63, '', NULL, NULL, '2025-11-27 03:16:03', 1, 8),
(104, 'loja5', 'cesar@gmail.com', '8d969eef6ecad3c29a3a629280e686cf0c3f5d5a86aff3ca12020c923adc6c92', 'lojista', 64, '', NULL, NULL, '2025-11-27 03:17:07', 1, 8);

--
-- Índices para tabelas despejadas
--

--
-- Índices de tabela `acessos_cidade`
--
ALTER TABLE `acessos_cidade`
  ADD PRIMARY KEY (`id`),
  ADD KEY `idx_cidade_data` (`cidade_idCidade`,`data_acesso`);

--
-- Índices de tabela `cidade`
--
ALTER TABLE `cidade`
  ADD PRIMARY KEY (`idCidade`),
  ADD KEY `cidade_ibfk_1` (`estado_idEstado`),
  ADD KEY `fk_cidade_representante` (`representante_id`);

--
-- Índices de tabela `estado`
--
ALTER TABLE `estado`
  ADD PRIMARY KEY (`idEstado`);

--
-- Índices de tabela `lojas`
--
ALTER TABLE `lojas`
  ADD PRIMARY KEY (`idlojas`),
  ADD KEY `lojas_ibfk_1` (`cidade_idCidade`);

--
-- Índices de tabela `mensagens`
--
ALTER TABLE `mensagens`
  ADD PRIMARY KEY (`id`),
  ADD KEY `idx_lida` (`lida`),
  ADD KEY `idx_data` (`data_envio`);

--
-- Índices de tabela `pedidos`
--
ALTER TABLE `pedidos`
  ADD PRIMARY KEY (`idPedidos`),
  ADD KEY `lojas_idlojas` (`lojas_idlojas`);

--
-- Índices de tabela `pedido_itens`
--
ALTER TABLE `pedido_itens`
  ADD PRIMARY KEY (`idPedItens`),
  ADD KEY `pedidos_idPedidos` (`pedidos_idPedidos`),
  ADD KEY `produtos_idProdutos` (`produtos_idProdutos`);

--
-- Índices de tabela `produtos`
--
ALTER TABLE `produtos`
  ADD PRIMARY KEY (`idprodutos`);

--
-- Índices de tabela `solicitacoes`
--
ALTER TABLE `solicitacoes`
  ADD PRIMARY KEY (`id`),
  ADD KEY `cidade_idCidade` (`cidade_idCidade`),
  ADD KEY `estado_idEstado` (`estado_idEstado`);

--
-- Índices de tabela `usuario`
--
ALTER TABLE `usuario`
  ADD PRIMARY KEY (`idUsuario`),
  ADD KEY `usuario_ibfk_1` (`cidade_idCidade`),
  ADD KEY `usuario_ibfk_2` (`idEstado`);

--
-- AUTO_INCREMENT para tabelas despejadas
--

--
-- AUTO_INCREMENT de tabela `acessos_cidade`
--
ALTER TABLE `acessos_cidade`
  MODIFY `id` int(11) NOT NULL AUTO_INCREMENT, AUTO_INCREMENT=63;

--
-- AUTO_INCREMENT de tabela `cidade`
--
ALTER TABLE `cidade`
  MODIFY `idCidade` int(11) NOT NULL AUTO_INCREMENT, AUTO_INCREMENT=118;

--
-- AUTO_INCREMENT de tabela `estado`
--
ALTER TABLE `estado`
  MODIFY `idEstado` int(11) NOT NULL AUTO_INCREMENT, AUTO_INCREMENT=28;

--
-- AUTO_INCREMENT de tabela `lojas`
--
ALTER TABLE `lojas`
  MODIFY `idlojas` int(11) NOT NULL AUTO_INCREMENT, AUTO_INCREMENT=65;

--
-- AUTO_INCREMENT de tabela `mensagens`
--
ALTER TABLE `mensagens`
  MODIFY `id` int(11) NOT NULL AUTO_INCREMENT, AUTO_INCREMENT=2;

--
-- AUTO_INCREMENT de tabela `pedidos`
--
ALTER TABLE `pedidos`
  MODIFY `idPedidos` int(11) NOT NULL AUTO_INCREMENT, AUTO_INCREMENT=12;

--
-- AUTO_INCREMENT de tabela `pedido_itens`
--
ALTER TABLE `pedido_itens`
  MODIFY `idPedItens` int(11) NOT NULL AUTO_INCREMENT, AUTO_INCREMENT=24;

--
-- AUTO_INCREMENT de tabela `produtos`
--
ALTER TABLE `produtos`
  MODIFY `idprodutos` int(11) NOT NULL AUTO_INCREMENT, AUTO_INCREMENT=10;

--
-- AUTO_INCREMENT de tabela `solicitacoes`
--
ALTER TABLE `solicitacoes`
  MODIFY `id` int(11) NOT NULL AUTO_INCREMENT, AUTO_INCREMENT=16;

--
-- AUTO_INCREMENT de tabela `usuario`
--
ALTER TABLE `usuario`
  MODIFY `idUsuario` int(11) NOT NULL AUTO_INCREMENT, AUTO_INCREMENT=105;

--
-- Restrições para tabelas despejadas
--

--
-- Restrições para tabelas `acessos_cidade`
--
ALTER TABLE `acessos_cidade`
  ADD CONSTRAINT `acessos_cidade_ibfk_1` FOREIGN KEY (`cidade_idCidade`) REFERENCES `cidade` (`idCidade`) ON DELETE CASCADE;

--
-- Restrições para tabelas `cidade`
--
ALTER TABLE `cidade`
  ADD CONSTRAINT `cidade_ibfk_1` FOREIGN KEY (`estado_idEstado`) REFERENCES `estado` (`idEstado`),
  ADD CONSTRAINT `fk_cidade_representante` FOREIGN KEY (`representante_id`) REFERENCES `usuario` (`idUsuario`) ON DELETE SET NULL;

--
-- Restrições para tabelas `lojas`
--
ALTER TABLE `lojas`
  ADD CONSTRAINT `lojas_ibfk_1` FOREIGN KEY (`cidade_idCidade`) REFERENCES `cidade` (`idCidade`);

--
-- Restrições para tabelas `pedidos`
--
ALTER TABLE `pedidos`
  ADD CONSTRAINT `pedidos_ibfk_1` FOREIGN KEY (`lojas_idlojas`) REFERENCES `lojas` (`idlojas`);

--
-- Restrições para tabelas `pedido_itens`
--
ALTER TABLE `pedido_itens`
  ADD CONSTRAINT `pedido_itens_ibfk_1` FOREIGN KEY (`pedidos_idPedidos`) REFERENCES `pedidos` (`idPedidos`),
  ADD CONSTRAINT `pedido_itens_ibfk_2` FOREIGN KEY (`produtos_idProdutos`) REFERENCES `produtos` (`idprodutos`);

--
-- Restrições para tabelas `solicitacoes`
--
ALTER TABLE `solicitacoes`
  ADD CONSTRAINT `solicitacoes_ibfk_1` FOREIGN KEY (`cidade_idCidade`) REFERENCES `cidade` (`idCidade`) ON DELETE CASCADE,
  ADD CONSTRAINT `solicitacoes_ibfk_2` FOREIGN KEY (`estado_idEstado`) REFERENCES `estado` (`idEstado`) ON DELETE CASCADE;

--
-- Restrições para tabelas `usuario`
--
ALTER TABLE `usuario`
  ADD CONSTRAINT `usuario_ibfk_1` FOREIGN KEY (`cidade_idCidade`) REFERENCES `cidade` (`idCidade`),
  ADD CONSTRAINT `usuario_ibfk_2` FOREIGN KEY (`idEstado`) REFERENCES `estado` (`idEstado`);
COMMIT;

/*!40101 SET CHARACTER_SET_CLIENT=@OLD_CHARACTER_SET_CLIENT */;
/*!40101 SET CHARACTER_SET_RESULTS=@OLD_CHARACTER_SET_RESULTS */;
/*!40101 SET COLLATION_CONNECTION=@OLD_COLLATION_CONNECTION */;
